TRS_TYPE,NAMAOUTLET,TGL_INVC,NAMABARANG,QTYSALES
SALES,NUSA INDAH.Ap,44569,CHAMPS VIT C 100MG (BTL/30),4
SALES,RAYA III.Ap,44569,CHAMPS VIT C 100MG (BTL/30),4
SALES,KASIH AGAPE.Ap,44571,CHAMPS VIT C 100MG (BTL/30),4
SALES,KASIH AGAPE.Ap,44571,NATURALLE VIT E 250IU (BTL/30S),1
SALES,MATAHARI.Ap,44572,CHAMPS VIT C 100MG (BTL/30),7
SALES,PT. KALIMAS GLOBAL ASIA,44572,NATURALLE GARLIC OIL 3000MG (BTL/100S),36
SALES,PT. KALIMAS GLOBAL ASIA,44572,NATURALLE KACIP FATIMAH PLUS (BTL/60),12
SALES,SAUDARA JAYA.Ap,44573,CHAMPS VIT C 100MG (BTL/30),12
SALES,SAUDARA JAYA.Ap,44573,NATURALLE GARLIC OIL 3000MG (BTL/100S),12
SALES,SAUDARA JAYA.Ap,44573,NATURALLE TONGKAT ALI PLUS (BTL/60),6
SALES,SAUDARA JAYA.Ap,44573,NATURALLE KACIP FATIMAH PLUS (BTL/60),6
SALES,MW RAMBUTAN 2.Ap,44573,CHAMPS VIT C 100MG (BTL/30),4
SALES,MW RAMBUTAN 2.Ap,44573,MAXITON SOFT CAP (BTL/30S),1
SALES,SAUDARA JAYA.Ap,44573,CHAMPS VIT C 100MG (BTL/30),50
SALES,SAUDARA JAYA.Ap,44573,NATURALLE VIT E 250IU (BTL/30S),1
SALES,SAUDARA JAYA.Ap,44573,NATURALLE VIT E 250IU (BTL/30S),23
SALES,SAUDARA JAYA.Ap,44573,NATURALLE FISH OIL 1000MG (BTL/60S),12
SALES,SAUDARA JAYA.Ap,44573,NATURALLE GARLIC OIL 3000MG (BTL/100S),12
SALES,SAUDARA JAYA.Ap,44573,NATURALLE TONGKAT ALI PLUS (BTL/60),6
SALES,SAUDARA JAYA.Ap,44573,NATURALLE KACIP FATIMAH PLUS (BTL/60),5
SALES,SAUDARA JAYA.Ap,44573,FLAVETTES VIT C WITH CALCIUM 1000 MG (BTL/30),25
SALES,GANDA.Ap,44574,CHAMPS VIT C 100MG (BTL/30),3
SALES,BINTANG FARMA. CV,44574,NATURALLE FISH OIL 1000MG (BTL/60S),36
SALES,BINTANG FARMA. CV,44574,NATURALLE BETA CAROTENE 6MG (BTL/30S),54
SALES,BINTANG FARMA. CV,44574,NATURALLE TONGKAT ALI PLUS (BTL/60),4
SALES,SUMBER SEGAR LESTARI.CV (BRASTAGI RANTAU),44575,NATURALLE VIT E 250IU (BTL/30S),3
SALES,SUMBER SEGAR LESTARI.CV (BRASTAGI RANTAU),44575,NATURALLE GARLIC OIL 3000MG (BTL/100S),3
SALES,BONA 1. AP,44575,MAXITON SOFT CAP (BTL/30S),12
SALES,DEBY CYNTIA.Bidan,44576,FLAVETTES VIT C WITH CALCIUM 1000 MG (BTL/30),1
SALES,PT. KALIMAS GLOBAL ASIA,44576,NATURALLE FISH OIL 1000MG (BTL/60S),36
SALES,BRAYAN.AP,44576,MAXITON SOFT CAP (BTL/30S),2
RETUR,KASIH.Ap,44578,CHAMPS MULTIVITAMIN PINNEAPLE (BTL/30),-4
SALES,RAYA III.Ap,44578,MAXITON SOFT CAP (BTL/30S),1
SALES,SINAR BINTANG.Ap,44578,MAXITON SOFT CAP (BTL/30S),7
SALES,SINAR BINTANG.Ap,44578,NATURALLE TONGKAT ALI PLUS (BTL/60),4
RETUR,BONA 1.Ap,44579,NATURALLE EPO PLUS FISH OIL 500MG(BTL/30S),-1
RETUR,BONA 1.Ap,44579,NATURALLE GARLIC OIL 3000MG (BTL/100S),-6
RETUR,BONA 1.Ap,44579,NATURALLE GARLIC OIL 3000MG (BTL/100S),-2
RETUR,BALI.TO,44579,NATURALLE VIT E 250IU (BTL/30S),-16
SALES,dr. Silvia Karlia. Prtk.,44580,MAXITON SOFT CAP (BTL/30S),1
SALES,GABE REJEKI.Ap,44580,MAXITON SOFT CAP (BTL/30S),1
SALES,KARYA RAYA.Ap,44580,MAXITON SOFT CAP (BTL/30S),4
RETUR,BIOS JAYA .AP,44581,CHAMPS MULTIVITAMIN PINNEAPLE (BTL/30),-1
RETUR,BIOS JAYA .AP,44581,FLAVETTES VIT C WITH CALCIUM 1000 MG (BTL/30),-1
RETUR,KALIMAS.Ap,44581,NATURALLE EPO PLUS FISH OIL 500MG(BTL/30S),-7
SALES,BINTANG FARMA. CV,44581,CHAMPS MULTIVITAMIN PINNEAPLE (BTL/30),24
SALES,BINTANG FARMA. CV,44581,NATURALLE BETA CAROTENE 6MG (BTL/30S),18
SALES,RIDHO.Ap,44581,MAXITON SOFT CAP (BTL/30S),1
SALES,PT. KALIMAS GLOBAL ASIA,44581,NATURALLE VIT E 250IU (BTL/30S),36
SALES,BINTANG FARMA. CV,44582,CHAMPS VIT C 100MG (BTL/30),24
SALES,TERANG FARMA.Ap,44582,MAXITON SOFT CAP (BTL/30S),1
SALES,TERANG FARMA.Ap,44582,NATURALLE FISH OIL 1000MG (BTL/60S),1
SALES,BINTANG FARMA. CV,44583,NATURALLE VIT E 250IU (BTL/30S),30
SALES,BINTANG FARMA. CV,44583,NATURALLE GARLIC OIL 3000MG (BTL/100S),24
SALES,ANUGRAH PERSADA.Ap,44583,NATURALLE FISH OIL 1000MG (BTL/60S),2
SALES,AGUNG.TO,44585,NATURALLE BETA CAROTENE 6MG (BTL/30S),24
SALES,AGUNG.TO,44585,NATURALLE VIT E 250IU (BTL/30S),36
SALES,AGUNG.TO,44585,NATURALLE FISH OIL 1000MG (BTL/60S),36
SALES,PT. KALIMAS GLOBAL ASIA,44585,NATURALLE FISH OIL 1000MG (BTL/60S),36
SALES,SOLO BARU.TO,44585,NATURALLE TONGKAT ALI PLUS (BTL/60),4
RETUR,JEMADI.Ap,44586,CHAMPS MULTIVITAMIN PINNEAPLE (BTL/30),-1
RETUR,JEMADI.Ap,44586,FLAVETTES VIT C WITH CALCIUM 1000 MG (BTL/30),-1
RETUR,MEKA.Ap,44586,CHAMPS MULTIVITAMIN PINNEAPLE (BTL/30),-1
RETUR,MEKA.Ap,44586,FLAVETTES VIT C WITH CALCIUM 1000 MG (BTL/30),-1
SALES,BINTANG FARMA. CV,44586,CHAMPS MULTIVITAMIN PINNEAPLE (BTL/30),24
SALES,VITA SARI.Ap,44586,NATURALLE BETA CAROTENE 6MG (BTL/30S),24
SALES,KELUARGA.Ap,44586,NATURALLE GARLIC OIL 3000MG (BTL/100S),1
SALES,VITA SARI.Ap,44587,NATURALLE FISH OIL 1000MG (BTL/60S),36
SALES,VITA SARI.Ap,44587,NATURALLE GARLIC OIL 3000MG (BTL/100S),24
SALES,VITA SARI.Ap,44587,FLAVETTES VIT C WITH CALCIUM 1000 MG (BTL/30),72
SALES,DELI.Ap,44587,CHAMPS VIT C 100MG (BTL/30),4
RETUR,HORISAN.Ap,44588,NATURALLE GARLIC OIL 3000MG (BTL/100S),-7
RETUR,HORISAN.Ap,44588,NATURALLE EPO PLUS FISH OIL 500MG(BTL/30S),-6
RETUR,HORISAN.Ap,44588,NATURALLE EPO PLUS FISH OIL 500MG(BTL/30S),-7
RETUR,HORISAN.Ap,44588,NATURALLE KACIP FATIMAH PLUS (BTL/60),-2
RETUR,HORISAN.Ap,44588,NATURALLE TONGKAT ALI PLUS (BTL/60),-3
RETUR,HARRY NA JAYA FARMA.Ap,44588,NATURALLE GARLIC OIL 3000MG (BTL/100S),-3
RETUR,KASIH AGAPE.Ap,44588,NATURALLE VIT E 250IU (BTL/30S),-1
SALES,RAFIF FARMA.Ap,44588,CHAMPS VIT C 100MG (BTL/30),4
SALES,RAFIF FARMA.Ap,44588,MAXITON SOFT CAP (BTL/30S),1
SALES,HARRY NA JAYA FARMA.Ap,44588,NATURALLE GARLIC OIL 3000MG (BTL/100S),4
SALES,ANDA.TO,44588,MAXITON SOFT CAP (BTL/30S),12
SALES,SINAR RAYA.Ap,44588,MAXITON SOFT CAP (BTL/30S),24
RETUR,SARI GUNUNG.Ap,44589,NATURALLE EPO PLUS FISH OIL 500MG(BTL/30S),-10
RETUR,TERANG.Ap,44589,NATURALLE BETA CAROTENE 6MG (BTL/30S),-1
RETUR,TERANG.Ap,44589,NATURALLE VIT E 250IU (BTL/30S),-1
RETUR,ANUGRAH PERSADA.Ap,44589,NATURALLE FISH OIL 1000MG (BTL/60S),-2
SALES,SAMUDRA.Ap,44589,NATURALLE FISH OIL 1000MG (BTL/60S),36
SALES,JUNITA PURBA.AM.KEB,44589,CHAMPS VIT C 100MG (BTL/30),4
SALES,HORISAN.Ap,44589,NATURALLE FISH OIL 1000MG (BTL/60S),36
SALES,AGUNG.TO,44589,NATURALLE GARLIC OIL 3000MG (BTL/100S),36
SALES,PAK PAK. TO,44589,CHAMPS VIT C 100MG (BTL/30),4
SALES,TERANG.Ap,44589,MAXITON SOFT CAP (BTL/30S),1
SALES,TERANG.Ap,44589,NATURALLE FISH OIL 1000MG (BTL/60S),1
SALES,SINAR RAYA.Ap,44590,CHAMPS VIT C 100MG (BTL/30),12
SALES,SAMUDRA.Ap,44590,MAXITON SOFT CAP (BTL/30S),30
RETUR,SMARCO MANDIRI SUKSES.PT,44592,FLAVETTES VIT C WITH CALCIUM 1000 MG (BTL/30),-12
RETUR,RINA SHOP.Tk,44592,CHAMPS MULTIVITAMIN PINNEAPLE (BTL/30),-1
RETUR,RINA SHOP.Tk,44592,FLAVETTES VIT C WITH CALCIUM 1000 MG (BTL/30),-1
SALES,AGUNG.TO,44592,NATURALLE TONGKAT ALI PLUS (BTL/60),16
SALES,GUNA F.Ap,44592,MAXITON SOFT CAP (BTL/30S),1
SALES,SMARCO MANDIRI SUKSES.PT,44592,FLAVETTES VIT C WITH CALCIUM 1000 MG (BTL/30),12
SALES,DETTY.Ap,44592,NATURALLE GARLIC OIL 3000MG (BTL/100S),4
SALES,DETTY.Ap,44592,MAXITON SOFT CAP (BTL/30S),3
SALES,RAYA IV.Ap,44592,CHAMPS VIT C 100MG (BTL/30),4
SALES,SARI GUNUNG.Ap,44592,CHAMPS VIT C 100MG (BTL/30),48
SALES,SARI GUNUNG.Ap,44592,MAXITON SOFT CAP (BTL/30S),24
SALES,SARI GUNUNG.Ap,44592,NATURALLE BETA CAROTENE 6MG (BTL/30S),24
SALES,SARI GUNUNG.Ap,44592,NATURALLE VIT E 250IU (BTL/30S),24
SALES,SARI GUNUNG.Ap,44592,NATURALLE FISH OIL 1000MG (BTL/60S),30
SALES,VITA SARI.Ap,44592,MAXITON SOFT CAP (BTL/30S),24
SALES,VITA SARI.Ap,44592,NATURALLE BETA CAROTENE 6MG (BTL/30S),24
SALES,VITA SARI.Ap,44592,NATURALLE TONGKAT ALI PLUS (BTL/60),12
SALES,BONA JAYA.AP,44592,NATURALLE BETA CAROTENE 6MG (BTL/30S),72
SALES,BONA JAYA.AP,44592,NATURALLE GARLIC OIL 3000MG (BTL/100S),24
SALES,BINTANG FARMA. CV,44592,CHAMPS MULTIVITAMIN PINNEAPLE (BTL/30),1
SALES,BINTANG FARMA. CV,44592,CHAMPS MULTIVITAMIN PINNEAPLE (BTL/30),49
SALES,BINTANG FARMA. CV,44592,CHAMPS VIT C 100MG (BTL/30),50
SALES,BONA JAYA.AP,44592,MAXITON SOFT CAP (BTL/30S),72
SALES,SARI GUNUNG.Ap,44592,MAXITON SOFT CAP (BTL/30S),25
SALES,SARI GUNUNG.Ap,44592,NATURALLE VIT E 250IU (BTL/30S),12
SALES,SAUDARA JAYA.Ap,44592,MAXITON SOFT CAP (BTL/30S),24
SALES,TANJUNG SARI.Ap,44594,MAXITON SOFT CAP (BTL/30S),6
SALES,SITI AMNA.Klinik,44595,CHAMPS VIT C 100MG (BTL/30),4
SALES,PT. KALIMAS GLOBAL ASIA,44596,FLAVETTES VIT C WITH CALCIUM 1000 MG (BTL/30),41
SALES,WATIYEM.Bidan,44597,CHAMPS VIT C 100MG (BTL/30),4
SALES,PT. KALIMAS GLOBAL ASIA,44599,NATURALLE VIT E 250IU (BTL/30S),48
SALES,KASIH AGAPE.Ap,44601,NATURALLE GARLIC OIL 3000MG (BTL/100S),2
SALES,ROMERO.Ap,44601,CHAMPS VIT C 100MG (BTL/30),4
SALES,ROMERO.Ap,44601,MAXITON SOFT CAP (BTL/30S),1
SALES,PT. KALIMAS GLOBAL ASIA,44601,MAXITON SOFT CAP (BTL/30S),48
SALES,RAYA VI.Ap,44602,CHAMPS VIT C 100MG (BTL/30),4
SALES,TERANG.Ap,44602,CHAMPS VIT C 100MG (BTL/30),1
SALES,TERANG.Ap,44602,NATURALLE GARLIC OIL 3000MG (BTL/100S),1
SALES,PELITA 3. AP,44602,CHAMPS VIT C 100MG (BTL/30),4
SALES,WINA.Bidan,44603,CHAMPS VIT C 100MG (BTL/30),6
SALES,RAYA IV.Ap,44603,CHAMPS VIT C 100MG (BTL/30),4
SALES,SAUDARA JAYA.Ap,44603,CHAMPS MULTIVITAMIN PINNEAPLE (BTL/30),50
SALES,SAUDARA JAYA.Ap,44603,CHAMPS VIT C 100MG (BTL/30),12
SALES,SAUDARA JAYA.Ap,44603,NATURALLE VIT E 250IU (BTL/30S),12
SALES,HIDUP SEHAT,44604,CHAMPS VIT C 100MG (BTL/30),12
SALES,CHACHA.Ap,44604,CHAMPS VIT C 100MG (BTL/30),4
SALES,MITRA.Ap,44604,CHAMPS VIT C 100MG (BTL/30),12
SALES,RAYA III.Ap,44604,NATURALLE VIT E 250IU (BTL/30S),5
SALES,RAYA III.Ap,44604,NATURALLE GARLIC OIL 3000MG (BTL/100S),7
SALES,RAYA III.Ap,44604,NATURALLE TONGKAT ALI PLUS (BTL/60),2
SALES,PT. KALIMAS GLOBAL ASIA,44606,MAXITON SOFT CAP (BTL/30S),36
RETUR,PERDAGANGAN. Ap,44607,NATURALLE TONGKAT ALI PLUS (BTL/60),-6
RETUR,PERDAGANGAN.Ap,44607,NATURALLE GARLIC OIL 3000MG (BTL/100S),-1
RETUR,PERDAGANGAN.Ap,44607,NATURALLE EPO PLUS FISH OIL 500MG(BTL/30S),-7
RETUR,LAMHOT.Ap,44607,CHAMPS EMULSION (BTL/350ML),-2
RETUR,SINAR RAYA.Ap,44607,CHAMPS EMULSION (BTL/350ML),-5
RETUR,SINAR RAYA.Ap,44607,NATURALLE EPO PLUS FISH OIL 500MG(BTL/30S),-8
RETUR,ANDA.TO,44607,NATURALLE TONGKAT ALI PLUS (BTL/60),-1
SALES,TERANG FARMA.Ap,44607,CHAMPS VIT C 100MG (BTL/30),12
SALES,DIANA EVA NINGSIH.Am.keb.Bidan,44607,NATURALLE VIT E 250IU (BTL/30S),2
SALES,RAYA IV.Ap,44607,CHAMPS VIT C 100MG (BTL/30),12
SALES,RAYA IV.Ap,44607,NATURALLE BETA CAROTENE 6MG (BTL/30S),1
SALES,RAYA IV.Ap,44607,NATURALLE VIT E 250IU (BTL/30S),1
SALES,RAYA IV.Ap,44607,NATURALLE GARLIC OIL 3000MG (BTL/100S),1
SALES,SUSU NEW ASIA MANDIRI.Tk,44607,CHAMPS VIT C 100MG (BTL/30),12
RETUR,AL- BAROKAH. UD.,44608,NATURALLE TONGKAT ALI PLUS (BTL/60),-6
RETUR,AL- BAROKAH. UD.,44608,NATURALLE KACIP FATIMAH PLUS (BTL/60),-8
RETUR,AL- BAROKAH. UD.,44609,NATURALLE GARLIC OIL 3000MG (BTL/100S),-9
RETUR,AL- BAROKAH. UD.,44609,NATURALLE GARLIC OIL 3000MG (BTL/100S),0
RETUR,AL- BAROKAH. UD.,44609,NATURALLE EPO PLUS FISH OIL 500MG(BTL/30S),-5
RETUR,RAYA III.Ap,44609,NATURALLE GARLIC OIL 3000MG (BTL/100S),-4
SALES,RAYA III.Ap,44609,MAXITON SOFT CAP (BTL/30S),4
SALES,PT. KALIMAS GLOBAL ASIA,44609,CHAMPS VIT C 100MG (BTL/30),48
SALES,JAKARTA.Ap,44609,NATURALLE GARLIC OIL 3000MG (BTL/100S),7
SALES,LAMHOT.Ap,44609,CHAMPS VIT C 100MG (BTL/30),4
SALES,SERASI.Ap,44609,CHAMPS VIT C 100MG (BTL/30),36
SALES,MW RAMBUTAN 2.Ap,44609,MAXITON SOFT CAP (BTL/30S),1
RETUR,RAYA III.Ap,44610,NATURALLE TONGKAT ALI PLUS (BTL/60),-2
RETUR,RAYA III.Ap,44610,NATURALLE KACIP FATIMAH PLUS (BTL/60),-2
RETUR,RAYA III.Ap,44610,FLAVETTES VIT C WITH CALCIUM 1000 MG (BTL/30),-2
SALES,AGUNG.TO,44610,NATURALLE VIT E 250IU (BTL/30S),36
SALES,SINAR BINTANG.Ap,44610,CHAMPS VIT C 100MG (BTL/30),12
SALES,SINAR BINTANG.Ap,44610,NATURALLE FISH OIL 1000MG (BTL/60S),4
SALES,PT. KALIMAS GLOBAL ASIA,44610,CHAMPS VIT C 100MG (BTL/30),48
SALES,CAHAYA RAYA.Ap,44610,CHAMPS VIT C 100MG (BTL/30),12
SALES,BINTANG FARMA. CV,44611,NATURALLE VIT E 250IU (BTL/30S),40
SALES,BINTANG FARMA. CV,44611,NATURALLE TONGKAT ALI PLUS (BTL/60),4
SALES,BINTANG FARMA. CV,44611,NATURALLE KACIP FATIMAH PLUS (BTL/60),4
SALES,MITRA MULTI MARGA.PT,44611,CHAMPS VIT C 100MG (BTL/30),17
RETUR,SERASI.Ap,44613,CHAMPS EMULSION (BTL/350ML),-4
RETUR,SINAR BINTANG.Ap,44613,NATURALLE GARLIC OIL 3000MG (BTL/100S),-2
RETUR,SARINA.Tk,44613,CHAMPS MULTIVITAMIN PINNEAPLE (BTL/30),-1
RETUR,SARINA.Tk,44613,FLAVETTES VIT C WITH CALCIUM 1000 MG (BTL/30),-1
SALES,GUNA F.Ap,44613,MAXITON SOFT CAP (BTL/30S),1
SALES,PANCUR BATU.Ap,44613,CHAMPS VIT C 100MG (BTL/30),4
SALES,KASIH AGAPE.Ap,44613,MAXITON SOFT CAP (BTL/30S),1
SALES,BONA 1.Ap,44614,NATURALLE VIT E 250IU (BTL/30S),4
SALES,JASANTA.AP,44614,MAXITON SOFT CAP (BTL/30S),1
SALES,ANDA.TO,44615,CHAMPS VIT C 100MG (BTL/30),12
SALES,ANDA.TO,44615,MAXITON SOFT CAP (BTL/30S),12
SALES,BONA JAYA.AP,44615,NATURALLE FISH OIL 1000MG (BTL/60S),36
SALES,AGUNG.TO,44615,CHAMPS MULTIVITAMIN PINNEAPLE (BTL/30),24
SALES,AGUNG.TO,44615,CHAMPS VIT C 100MG (BTL/30),24
SALES,GANDA.Ap,44615,CHAMPS VIT C 100MG (BTL/30),12
SALES,SAMUDRA.Ap,44615,CHAMPS VIT C 100MG (BTL/30),48
SALES,SAMUDRA.Ap,44615,NATURALLE BETA CAROTENE 6MG (BTL/30S),24
SALES,PULAU INTAN.Ap,44615,MAXITON SOFT CAP (BTL/30S),1
SALES,GABE REJEKI.Ap,44615,CHAMPS VIT C 100MG (BTL/30),4
RETUR,MITRA MULTI MARGA.PT,44616,CHAMPS VIT C 100MG (BTL/30),-17
SALES,RAFIF FARMA.Ap,44616,MAXITON SOFT CAP (BTL/30S),1
SALES,BINTANG FARMA. CV,44616,NATURALLE FISH OIL 1000MG (BTL/60S),30
SALES,BINTANG FARMA. CV,44616,NATURALLE GARLIC OIL 3000MG (BTL/100S),30
SALES,ABADI JAYA AP,44617,CHAMPS VIT C 100MG (BTL/30),4
SALES,AGUNG.TO,44617,NATURALLE BETA CAROTENE 6MG (BTL/30S),24
SALES,AGUNG.TO,44617,NATURALLE TONGKAT ALI PLUS (BTL/60),24
SALES,RAYA VI.Ap,44617,CHAMPS VIT C 100MG (BTL/30),6
RETUR,PERDAGANGAN. Ap,44618,CHAMPS EMULSION (BTL/200ML),-9
SALES,PT. KALIMAS GLOBAL ASIA,44618,NATURALLE TONGKAT ALI PLUS (BTL/60),12
SALES,SAMUDRA.Ap,44618,CHAMPS MULTIVITAMIN PINNEAPLE (BTL/30),24
SALES,SAMUDRA.Ap,44618,MAXITON SOFT CAP (BTL/30S),48
SALES,SAMUDRA.Ap,44618,NATURALLE VIT E 250IU (BTL/30S),30
SALES,TANJUNG SARI.Ap,44618,CHAMPS VIT C 100MG (BTL/30),4
SALES,SAUDARA JAYA.Ap,44620,MAXITON SOFT CAP (BTL/30S),24
SALES,SAUDARA JAYA.Ap,44620,NATURALLE FISH OIL 1000MG (BTL/60S),12
SALES,SAUDARA JAYA.Ap,44620,NATURALLE TONGKAT ALI PLUS (BTL/60),12
SALES,SAUDARA JAYA.Ap,44620,NATURALLE KACIP FATIMAH PLUS (BTL/60),12
SALES,AL- BAROKAH. UD.,44620,NATURALLE GARLIC OIL 3000MG (BTL/100S),24
SALES,PT. KALIMAS GLOBAL ASIA,44620,MAXITON SOFT CAP (BTL/30S),60
SALES,BONA JAYA.AP,44620,NATURALLE VIT E 250IU (BTL/30S),36
SALES,BONA JAYA.AP,44620,NATURALLE KACIP FATIMAH PLUS (BTL/60),4
SALES,SARI GUNUNG.Ap,44620,CHAMPS MULTIVITAMIN PINNEAPLE (BTL/30),48
SALES,SARI GUNUNG.Ap,44620,CHAMPS VIT C 100MG (BTL/30),48
SALES,SARI GUNUNG.Ap,44620,MAXITON SOFT CAP (BTL/30S),30
SALES,SARI GUNUNG.Ap,44620,NATURALLE BETA CAROTENE 6MG (BTL/30S),24
SALES,SARI GUNUNG.Ap,44620,NATURALLE VIT E 250IU (BTL/30S),24
SALES,SARI GUNUNG.Ap,44620,NATURALLE FISH OIL 1000MG (BTL/60S),24
SALES,SARI GUNUNG.Ap,44620,NATURALLE GARLIC OIL 3000MG (BTL/100S),24
SALES,VITA SARI.Ap,44620,CHAMPS MULTIVITAMIN PINNEAPLE (BTL/30),48
SALES,VITA SARI.Ap,44620,CHAMPS VIT C 100MG (BTL/30),72
SALES,VITA SARI.Ap,44620,MAXITON SOFT CAP (BTL/30S),72
SALES,VITA SARI.Ap,44620,NATURALLE VIT E 250IU (BTL/30S),36
SALES,VITA SARI.Ap,44620,NATURALLE FISH OIL 1000MG (BTL/60S),36
SALES,VITA SARI.Ap,44620,NATURALLE GARLIC OIL 3000MG (BTL/100S),24
SALES,FATIMAH ALI 2.Klinik,44622,CHAMPS VIT C 100MG (BTL/30),4
SALES,SAUDARA.Ap,44624,CHAMPS VIT C 100MG (BTL/30),4
SALES,BIDAN NATALIA BR GIRSANG  TO SUMBER SEHAT,44625,CHAMPS VIT C 100MG (BTL/30),4
SALES,BIDAN NATALIA BR GIRSANG  TO SUMBER SEHAT,44625,NATURALLE VIT E 250IU (BTL/30S),1
SALES,RAYA IV.Ap,44627,CHAMPS VIT C 100MG (BTL/30),12
SALES,MITRA.Ap,44627,NATURALLE FISH OIL 1000MG (BTL/60S),1
SALES,PHALMA AGUNG.Ap,44628,CHAMPS VIT C 100MG (BTL/30),12
SALES,RAYA IV.Ap,44628,NATURALLE VIT E 250IU (BTL/30S),1
SALES,RAYA IV.Ap,44628,NATURALLE GARLIC OIL 3000MG (BTL/100S),1
RETUR,SAMUDRA.Ap,44629,NATURALLE EPO PLUS FISH OIL 500MG(BTL/30S),-24
RETUR,SAMUDRA.Ap,44629,NATURALLE EPO PLUS FISH OIL 500MG(BTL/30S),0
RETUR,SAMUDRA.Ap,44629,NATURALLE EPO PLUS FISH OIL 500MG(BTL/30S),-24
RETUR,SAMUDRA.Ap,44629,NATURALLE EPO PLUS FISH OIL 500MG(BTL/30S),0
RETUR,SAMUDRA.Ap,44629,NATURALLE EPO PLUS FISH OIL 500MG(BTL/30S),-4
RETUR,SAMUDRA.Ap,44629,NATURALLE GARLIC OIL 3000MG (BTL/100S),-15
RETUR,SAMUDRA.Ap,44629,CHAMPS EMULSION (BTL/350ML),-2
RETUR,SAMUDRA.Ap,44629,NATURALLE TONGKAT ALI PLUS (BTL/60),-11
RETUR,SAMUDRA.Ap,44629,NATURALLE KACIP FATIMAH PLUS (BTL/60),-9
RETUR,WULAN SARI.AP,44629,CHAMPS MULTIVITAMIN PINNEAPLE (BTL/30),-1
RETUR,WULAN SARI.AP,44629,FLAVETTES VIT C WITH CALCIUM 1000 MG (BTL/30),-1
RETUR,SAQINA.Swalayan,44629,CHAMPS MULTIVITAMIN PINNEAPLE (BTL/30),-1
RETUR,SAQINA.Swalayan,44629,FLAVETTES VIT C WITH CALCIUM 1000 MG (BTL/30),-1
SALES,BINTANG FARMA. CV,44629,CHAMPS MULTIVITAMIN PINNEAPLE (BTL/30),72
SALES,BINTANG FARMA. CV,44629,CHAMPS VIT C 100MG (BTL/30),32
SALES,SAUDARA BARU.Ap,44629,NATURALLE KACIP FATIMAH PLUS (BTL/60),12
SALES,TIMOTY.Ap,44629,NATURALLE GARLIC OIL 3000MG (BTL/100S),4
RETUR,KASIH AGAPE.Ap,44630,CHAMPS EMULSION (BTL/200ML),-2
RETUR,AL- BAROKAH. UD.,44630,NATURALLE GARLIC OIL 3000MG (BTL/100S),-7
RETUR,AL- BAROKAH. UD.,44630,NATURALLE GARLIC OIL 3000MG (BTL/100S),0
RETUR,AL- BAROKAH. UD.,44630,NATURALLE TONGKAT ALI PLUS (BTL/60),-1
RETUR,AL- BAROKAH. UD.,44630,NATURALLE KACIP FATIMAH PLUS (BTL/60),-1
RETUR,SARI GUNUNG.Ap,44630,NATURALLE KACIP FATIMAH PLUS (BTL/60),-5
RETUR,SARI GUNUNG.Ap,44630,NATURALLE TONGKAT ALI PLUS (BTL/60),-1
SALES,SAUDARA JAYA.Ap,44630,CHAMPS MULTIVITAMIN PINNEAPLE (BTL/30),1
SALES,SAUDARA JAYA.Ap,44630,CHAMPS MULTIVITAMIN PINNEAPLE (BTL/30),23
SALES,SAUDARA JAYA.Ap,44630,NATURALLE VIT E 250IU (BTL/30S),12
SALES,CAHAYA RAYA.Ap,44630,NATURALLE GARLIC OIL 3000MG (BTL/100S),6
RETUR,GAMA.Ap,44631,MAXITON SOFT CAP (BTL/30S),-1
RETUR,MEDI FARMA.Ap,44631,CHAMPS MULTIVITAMIN PINNEAPLE (BTL/30),-1
RETUR,MEDI FARMA.Ap,44631,FLAVETTES VIT C WITH CALCIUM 1000 MG (BTL/30),-1
RETUR,SEHATI JAYA.Ap,44631,FLAVETTES VIT C WITH CALCIUM 1000 MG (BTL/30),-1
RETUR,NORA.Ap,44631,CHAMPS MULTIVITAMIN PINNEAPLE (BTL/30),-1
RETUR,NORA.Ap,44631,FLAVETTES VIT C WITH CALCIUM 1000 MG (BTL/30),-1
RETUR,SANA BARU.Ap,44631,CHAMPS MULTIVITAMIN PINNEAPLE (BTL/30),-1
RETUR,SANA BARU.Ap,44631,FLAVETTES VIT C WITH CALCIUM 1000 MG (BTL/30),-1
SALES,EVA HUTAHAEAN.Bidan,44631,NATURALLE GARLIC OIL 3000MG (BTL/100S),24
SALES,WATIYEM.Bidan,44631,CHAMPS MULTIVITAMIN PINNEAPLE (BTL/30),1
SALES,WATIYEM.Bidan,44631,NATURALLE GARLIC OIL 3000MG (BTL/100S),1
SALES,VITA SARI.Ap,44632,MAXITON SOFT CAP (BTL/30S),72
SALES,dr. Silvia Karlia. Prtk.,44632,CHAMPS MULTIVITAMIN PINNEAPLE (BTL/30),1
SALES,dr. Silvia Karlia. Prtk.,44632,NATURALLE VIT E 250IU (BTL/30S),1
SALES,BINTANG FARMA. CV,44632,NATURALLE BETA CAROTENE 6MG (BTL/30S),24
SALES,BINTANG FARMA. CV,44632,NATURALLE GARLIC OIL 3000MG (BTL/100S),24
SALES,BINTANG FARMA. CV,44632,MAXITON SOFT CAP (BTL/30S),24
SALES,BINTANG FARMA. CV,44632,NATURALLE VIT E 250IU (BTL/30S),24
SALES,MEGAH TETAP SAKTI.PT,44632,MAXITON SOFT CAP (BTL/30S),12
SALES,MEGAH TETAP SAKTI.PT,44632,NATURALLE BETA CAROTENE 6MG (BTL/30S),12
RETUR,RAKYAT BARU.Ap,44634,CHAMPS MULTIVITAMIN PINNEAPLE (BTL/30),-1
RETUR,RAKYAT BARU.Ap,44634,FLAVETTES VIT C WITH CALCIUM 1000 MG (BTL/30),-1
RETUR,PRIMA LESTARI 2.Ap,44634,CHAMPS MULTIVITAMIN PINNEAPLE (BTL/30),-1
RETUR,PRIMA LESTARI 2.Ap,44634,FLAVETTES VIT C WITH CALCIUM 1000 MG (BTL/30),-1
RETUR,FORTUNA.Ap,44634,MAXITON SOFT CAP (BTL/30S),-1
RETUR,FORTUNA.Ap,44634,FLAVETTES VIT C WITH CALCIUM 1000 MG (BTL/30),-1
RETUR,MW RAMBUTAN 2.Ap,44634,MAXITON SOFT CAP (BTL/30S),-1
RETUR,MW RAMBUTAN 2.Ap,44634,FLAVETTES VIT C WITH CALCIUM 1000 MG (BTL/30),-1
RETUR,BERKAT.Ap,44634,CHAMPS MULTIVITAMIN PINNEAPLE (BTL/30),-1
RETUR,BERKAT.Ap,44634,FLAVETTES VIT C WITH CALCIUM 1000 MG (BTL/30),-1
RETUR,WAHAIN.Ap,44634,MAXITON SOFT CAP (BTL/30S),-1
RETUR,WAHAIN.Ap,44634,FLAVETTES VIT C WITH CALCIUM 1000 MG (BTL/30),-1
RETUR,HENY FARMA.Ap,44634,CHAMPS MULTIVITAMIN PINNEAPLE (BTL/30),-1
RETUR,HENY FARMA.Ap,44634,FLAVETTES VIT C WITH CALCIUM 1000 MG (BTL/30),-1
RETUR,PULAU BALI II.Ap,44634,CHAMPS MULTIVITAMIN PINNEAPLE (BTL/30),-1
RETUR,PULAU BALI II.Ap,44634,FLAVETTES VIT C WITH CALCIUM 1000 MG (BTL/30),-1
RETUR,KUMA FARMA.AP,44634,CHAMPS MULTIVITAMIN PINNEAPLE (BTL/30),-1
RETUR,KUMA FARMA.AP,44634,FLAVETTES VIT C WITH CALCIUM 1000 MG (BTL/30),-1
RETUR,SINAR SEHAT.Ap,44634,FLAVETTES VIT C WITH CALCIUM 1000 MG (BTL/30),-1
RETUR,RAKYAT BARU.Ap,44634,CHAMPS MULTIVITAMIN PINNEAPLE (BTL/30),-1
RETUR,RAKYAT BARU.Ap,44634,FLAVETTES VIT C WITH CALCIUM 1000 MG (BTL/30),-1
RETUR,KRAKATAU.Ap,44634,CHAMPS MULTIVITAMIN PINNEAPLE (BTL/30),-1
RETUR,KRAKATAU.Ap,44634,FLAVETTES VIT C WITH CALCIUM 1000 MG (BTL/30),-1
RETUR,ANGEL.Ap,44634,CHAMPS MULTIVITAMIN PINNEAPLE (BTL/30),-1
RETUR,ANGEL.Ap,44634,FLAVETTES VIT C WITH CALCIUM 1000 MG (BTL/30),-1
RETUR,SELMA.Tk,44634,CHAMPS MULTIVITAMIN PINNEAPLE (BTL/30),-1
RETUR,SELMA.Tk,44634,FLAVETTES VIT C WITH CALCIUM 1000 MG (BTL/30),-1
RETUR,DISNEY.Baby Shop,44634,CHAMPS MULTIVITAMIN PINNEAPLE (BTL/30),-1
RETUR,DISNEY.Baby Shop,44634,FLAVETTES VIT C WITH CALCIUM 1000 MG (BTL/30),-1
RETUR,JAYA MANDIRI.Ap,44634,CHAMPS MULTIVITAMIN PINNEAPLE (BTL/30),-1
RETUR,JAYA MANDIRI.Ap,44634,FLAVETTES VIT C WITH CALCIUM 1000 MG (BTL/30),-1
RETUR,JAYA.Ap,44634,CHAMPS MULTIVITAMIN PINNEAPLE (BTL/30),-1
RETUR,JAYA.Ap,44634,FLAVETTES VIT C WITH CALCIUM 1000 MG (BTL/30),-1
SALES,PT. KALIMAS GLOBAL ASIA,44634,NATURALLE FISH OIL 1000MG (BTL/60S),36
SALES,CHELSEA.Ap,44634,CHAMPS MULTIVITAMIN PINNEAPLE (BTL/30),6
SALES,MW RAMBUTAN 2.Ap,44635,MAXITON SOFT CAP (BTL/30S),1
RETUR,SEHAT.Ap,44636,CHAMPS MULTIVITAMIN PINNEAPLE (BTL/30),-1
RETUR,SEHAT.Ap,44636,FLAVETTES VIT C WITH CALCIUM 1000 MG (BTL/30),-1
RETUR,MANJUR.Ap,44636,CHAMPS MULTIVITAMIN PINNEAPLE (BTL/30),-1
RETUR,MANJUR.Ap,44636,FLAVETTES VIT C WITH CALCIUM 1000 MG (BTL/30),-1
RETUR,EDATTA.Ap,44636,MAXITON SOFT CAP (BTL/30S),-1
RETUR,EDATTA.Ap,44636,FLAVETTES VIT C WITH CALCIUM 1000 MG (BTL/30),-1
RETUR,ARGA. AP,44636,MAXITON SOFT CAP (BTL/30S),-1
RETUR,ARGA. AP,44636,FLAVETTES VIT C WITH CALCIUM 1000 MG (BTL/30),-1
RETUR,BIOS JAYA .AP,44636,CHAMPS MULTIVITAMIN PINNEAPLE (BTL/30),-1
RETUR,BIOS JAYA .AP,44636,FLAVETTES VIT C WITH CALCIUM 1000 MG (BTL/30),-1
RETUR,SINAR RAYA.Ap,44636,NATURALLE GARLIC OIL 3000MG (BTL/100S),-2
RETUR,SINAR RAYA.Ap,44636,NATURALLE KACIP FATIMAH PLUS (BTL/60),-9
SALES,RAFIF FARMA.Ap,44636,MAXITON SOFT CAP (BTL/30S),2
RETUR,AZKIA FARMA AP,44637,CHAMPS MULTIVITAMIN PINNEAPLE (BTL/30),-1
RETUR,AZKIA FARMA AP,44637,FLAVETTES VIT C WITH CALCIUM 1000 MG (BTL/30),-1
RETUR,SERASI.Ap,44637,CHAMPS MULTIVITAMIN PINNEAPLE (BTL/30),-1
RETUR,SERASI.Ap,44637,FLAVETTES VIT C WITH CALCIUM 1000 MG (BTL/30),-1
RETUR,AZ` ZAHRA FARMA.Ap,44637,CHAMPS MULTIVITAMIN PINNEAPLE (BTL/30),-1
RETUR,AZ` ZAHRA FARMA.Ap,44637,FLAVETTES VIT C WITH CALCIUM 1000 MG (BTL/30),-1
RETUR,DIAN FARMA.Ap,44637,CHAMPS MULTIVITAMIN PINNEAPLE (BTL/30),-1
RETUR,DIAN FARMA.Ap,44637,FLAVETTES VIT C WITH CALCIUM 1000 MG (BTL/30),-1
RETUR,GLUGUR JAYA.Ap,44637,CHAMPS MULTIVITAMIN PINNEAPLE (BTL/30),-1
RETUR,GLUGUR JAYA.Ap,44637,FLAVETTES VIT C WITH CALCIUM 1000 MG (BTL/30),-1
RETUR,MATAHARI. AP,44637,CHAMPS MULTIVITAMIN PINNEAPLE (BTL/30),-1
RETUR,MATAHARI. AP,44637,FLAVETTES VIT C WITH CALCIUM 1000 MG (BTL/30),-1
RETUR,SENTOSA.Ap,44637,FLAVETTES VIT C WITH CALCIUM 1000 MG (BTL/30),-1
SALES,SAUDARA JAYA.Ap,44637,MAXITON SOFT CAP (BTL/30S),24
SALES,BALI.TO,44637,CHAMPS MULTIVITAMIN PINNEAPLE (BTL/30),131
RETUR,ASSYIFA.AP,44638,CHAMPS MULTIVITAMIN PINNEAPLE (BTL/30),-1
RETUR,ASSYIFA.AP,44638,FLAVETTES VIT C WITH CALCIUM 1000 MG (BTL/30),-1
SALES,RAYA VI.Ap,44638,CHAMPS MULTIVITAMIN PINNEAPLE (BTL/30),4
SALES,SINAR RAYA.Ap,44639,MAXITON SOFT CAP (BTL/30S),12
RETUR,BERSAMA.Ap,44641,CHAMPS MULTIVITAMIN PINNEAPLE (BTL/30),-1
RETUR,BERSAMA.Ap,44641,FLAVETTES VIT C WITH CALCIUM 1000 MG (BTL/30),-1
RETUR,INTISARI.Ap,44641,CHAMPS MULTIVITAMIN PINNEAPLE (BTL/30),-1
RETUR,INTISARI.Ap,44641,FLAVETTES VIT C WITH CALCIUM 1000 MG (BTL/30),-1
RETUR,CITY.Ap,44641,CHAMPS MULTIVITAMIN PINNEAPLE (BTL/30),-1
RETUR,CITY.Ap,44641,FLAVETTES VIT C WITH CALCIUM 1000 MG (BTL/30),-1
RETUR,BALI.TO,44641,CHAMPS MULTIVITAMIN PINNEAPLE (BTL/30),-120
RETUR,BALI.TO,44641,CHAMPS MULTIVITAMIN PINNEAPLE (BTL/30),-11
RETUR,EVA HUTAHAEAN.Bidan,44641,NATURALLE KACIP FATIMAH PLUS (BTL/60),-3
RETUR,EVA HUTAHAEAN.Bidan,44641,NATURALLE KACIP FATIMAH PLUS (BTL/60),-5
RETUR,SINAR BINTANG.Ap,44641,NATURALLE GARLIC OIL 3000MG (BTL/100S),-2
RETUR,ANTARA.Ap,44641,CHAMPS MULTIVITAMIN PINNEAPLE (BTL/30),-1
RETUR,ANTARA.Ap,44641,FLAVETTES VIT C WITH CALCIUM 1000 MG (BTL/30),-1
RETUR,KELUARGA.TO,44641,CHAMPS MULTIVITAMIN PINNEAPLE (BTL/30),-1
RETUR,KELUARGA.TO,44641,FLAVETTES VIT C WITH CALCIUM 1000 MG (BTL/30),-1
RETUR,BUDI.Ap,44641,CHAMPS MULTIVITAMIN PINNEAPLE (BTL/30),-1
RETUR,BUDI.Ap,44641,FLAVETTES VIT C WITH CALCIUM 1000 MG (BTL/30),-1
SALES,GUNA F.Ap,44641,MAXITON SOFT CAP (BTL/30S),1
SALES,MITHA FARMA.Ap,44641,FLAVETTES VIT C WITH CALCIUM 1000 MG (BTL/30),1
SALES,SUSU NEW ASIA MANDIRI.Tk,44642,NATURALLE GARLIC OIL 3000MG (BTL/100S),2
SALES,AGUNG.TO,44642,NATURALLE FISH OIL 1000MG (BTL/60S),36
SALES,WATIYEM.Bidan,44642,NATURALLE FISH OIL 1000MG (BTL/60S),1
SALES,VITA SARI.Ap,44643,NATURALLE FISH OIL 1000MG (BTL/60S),72
SALES,SINAR BINTANG.Ap,44643,FLAVETTES VIT C WITH CALCIUM 1000 MG (BTL/30),2
SALES,AGUNG.TO,44644,NATURALLE VIT E 250IU (BTL/30S),36
SALES,WIJAYA.Ap,44644,CHAMPS MULTIVITAMIN PINNEAPLE (BTL/30),4
RETUR,VICTORY.Tk,44645,CHAMPS MULTIVITAMIN PINNEAPLE (BTL/30),-1
RETUR,SAUDARA JAYA.Ap,44645,NATURALLE TONGKAT ALI PLUS (BTL/60),-12
RETUR,SAUDARA JAYA.Ap,44645,NATURALLE KACIP FATIMAH PLUS (BTL/60),-11
RETUR,DWI JAYA.TO,44645,CHAMPS MULTIVITAMIN PINNEAPLE (BTL/30),-1
RETUR,DWI JAYA.TO,44645,FLAVETTES VIT C WITH CALCIUM 1000 MG (BTL/30),-1
RETUR,SEHATI.TO,44645,CHAMPS MULTIVITAMIN PINNEAPLE (BTL/30),-1
RETUR,SEHATI.TO,44645,FLAVETTES VIT C WITH CALCIUM 1000 MG (BTL/30),-1
SALES,BALI.TO,44645,CHAMPS EMULSION (BTL/350ML),240
SALES,METRO ARTHA PRAKASA.PT,44645,CHAMPS MULTIVITAMIN PINNEAPLE (BTL/30),120
SALES,VITA SARI.Ap,44645,CHAMPS EMULSION (BTL/200ML),72
SALES,VITA SARI.Ap,44645,MAXITON SOFT CAP (BTL/30S),72
SALES,VITA SARI.Ap,44645,NATURALLE GARLIC OIL 3000MG (BTL/100S),24
SALES,VITA SARI.Ap,44645,NATURALLE KACIP FATIMAH PLUS (BTL/60),12
SALES,CITY.Ap,44645,CHAMPS EMULSION (BTL/200ML),3
SALES,WINA.Bidan,44645,CHAMPS EMULSION (BTL/200ML),6
SALES,RAYA IV.Ap,44645,CHAMPS VIT C 100MG (BTL/30),12
SALES,SAUDARA JAYA.Ap,44645,CHAMPS EMULSION (BTL/200ML),48
SALES,SAUDARA JAYA.Ap,44645,FLAVETTES VIT C WITH CALCIUM 1000 MG (BTL/30),12
SALES,WATIYEM.Bidan,44645,CHAMPS EMULSION (BTL/200ML),12
SALES,BUANA INDAH.Ap,44646,CHAMPS EMULSION (BTL/200ML),120
SALES,BINTANG FARMA. CV,44646,NATURALLE FISH OIL 1000MG (BTL/60S),36
SALES,BINTANG FARMA. CV,44646,CHAMPS EMULSION (BTL/200ML),240
SALES,PAK PAK. TO,44646,CHAMPS EMULSION (BTL/200ML),3
SALES,AGUNG.TO,44646,CHAMPS EMULSION (BTL/200ML),24
SALES,SAMUDRA.Ap,44648,CHAMPS EMULSION (BTL/200ML),48
SALES,SAUDARA BARU.Ap,44648,CHAMPS EMULSION (BTL/200ML),24
SALES,MW RAMBUTAN 2.Ap,44648,CHAMPS EMULSION (BTL/200ML),6
SALES,BONA 1.Ap,44648,CHAMPS EMULSION (BTL/200ML),6
RETUR,EBEN NEZER.Tk,44649,CHAMPS MULTIVITAMIN PINNEAPLE (BTL/30),-1
RETUR,EBEN NEZER.Tk,44649,FLAVETTES VIT C WITH CALCIUM 1000 MG (BTL/30),-1
RETUR,DAMAI.Tk,44649,CHAMPS MULTIVITAMIN PINNEAPLE (BTL/30),-1
RETUR,DAMAI.Tk,44649,FLAVETTES VIT C WITH CALCIUM 1000 MG (BTL/30),-1
RETUR,B SITORUS.Tk,44649,CHAMPS MULTIVITAMIN PINNEAPLE (BTL/30),-1
RETUR,B SITORUS.Tk,44649,FLAVETTES VIT C WITH CALCIUM 1000 MG (BTL/30),-1
RETUR,MAJU.TO,44649,CHAMPS MULTIVITAMIN PINNEAPLE (BTL/30),-1
RETUR,MAJU.TO,44649,FLAVETTES VIT C WITH CALCIUM 1000 MG (BTL/30),-1
RETUR,MEGUMI.Ap,44649,CHAMPS MULTIVITAMIN PINNEAPLE (BTL/30),-1
RETUR,MEGUMI.Ap,44649,FLAVETTES VIT C WITH CALCIUM 1000 MG (BTL/30),-1
RETUR,CAHAYA.Ap,44649,CHAMPS MULTIVITAMIN PINNEAPLE (BTL/30),-1
RETUR,CAHAYA.Ap,44649,FLAVETTES VIT C WITH CALCIUM 1000 MG (BTL/30),-1
RETUR,SALIDO.Ap,44649,CHAMPS MULTIVITAMIN PINNEAPLE (BTL/30),-1
RETUR,SALIDO.Ap,44649,FLAVETTES VIT C WITH CALCIUM 1000 MG (BTL/30),-1
RETUR,SARVITA.Tk,44649,CHAMPS MULTIVITAMIN PINNEAPLE (BTL/30),-1
RETUR,SARVITA.Tk,44649,FLAVETTES VIT C WITH CALCIUM 1000 MG (BTL/30),-1
RETUR,ABADI JAYA AP,44649,CHAMPS EMULSION (BTL/200ML),-1
RETUR,YAMIN.Ap,44649,CHAMPS EMULSION (BTL/200ML),-2
RETUR,PT. MENARA ANUGERAH SENTOSA,44649,NATURALLE GARLIC OIL 3000MG (BTL/100S),-1
RETUR,PT. MENARA ANUGERAH SENTOSA,44649,CHAMPS MULTIVITAMIN PINNEAPLE (BTL/30),-3
RETUR,VITA JAYA FARMA.Ap,44649,CHAMPS MULTIVITAMIN PINNEAPLE (BTL/30),-1
RETUR,VITA JAYA FARMA.Ap,44649,FLAVETTES VIT C WITH CALCIUM 1000 MG (BTL/30),-1
RETUR,SEMANGAT.Ap,44649,CHAMPS MULTIVITAMIN PINNEAPLE (BTL/30),-1
RETUR,SEMANGAT.Ap,44649,FLAVETTES VIT C WITH CALCIUM 1000 MG (BTL/30),-1
RETUR,RIDOS.Ap,44649,CHAMPS VIT C 100MG (BTL/30),-1
RETUR,RIDOS.Ap,44649,FLAVETTES VIT C WITH CALCIUM 1000 MG (BTL/30),-1
RETUR,KAMBUNA.Ap,44649,CHAMPS VIT C 100MG (BTL/30),-1
RETUR,KAMBUNA.Ap,44649,FLAVETTES VIT C WITH CALCIUM 1000 MG (BTL/30),-1
RETUR,BERKAT ANANDA.Ap,44649,CHAMPS VIT C 100MG (BTL/30),-1
RETUR,BERKAT ANANDA.Ap,44649,FLAVETTES VIT C WITH CALCIUM 1000 MG (BTL/30),-1
RETUR,RACHEL FARMA.Ap,44649,CHAMPS MULTIVITAMIN PINNEAPLE (BTL/30),-1
RETUR,RACHEL FARMA.Ap,44649,FLAVETTES VIT C WITH CALCIUM 1000 MG (BTL/30),-1
RETUR,BUNDA.Ap,44649,CHAMPS MULTIVITAMIN PINNEAPLE (BTL/30),-1
RETUR,BUNDA.Ap,44649,FLAVETTES VIT C WITH CALCIUM 1000 MG (BTL/30),-1
SALES,SAMUDRA.Ap,44649,NATURALLE GARLIC OIL 3000MG (BTL/100S),24
SALES,SAMUDRA.Ap,44649,NATURALLE TONGKAT ALI PLUS (BTL/60),12
SALES,SAMUDRA.Ap,44649,NATURALLE KACIP FATIMAH PLUS (BTL/60),12
SALES,GUNA F.Ap,44649,CHAMPS EMULSION (BTL/200ML),3
SALES,ROMERO.Ap,44649,CHAMPS EMULSION (BTL/200ML),6
SALES,ROMERO.Ap,44649,NATURALLE GARLIC OIL 3000MG (BTL/100S),2
SALES,GEMILANG.Ap,44649,CHAMPS EMULSION (BTL/200ML),3
SALES,KELUARGA.Ap,44649,CHAMPS EMULSION (BTL/200ML),3
SALES,BINTANG FARMA. CV,44650,CHAMPS VIT C 100MG (BTL/30),72
SALES,YOHANA FARMA.Ap,44650,CHAMPS EMULSION (BTL/200ML),4
SALES,BUANA INDAH.Ap,44650,NATURALLE BETA CAROTENE 6MG (BTL/30S),12
SALES,*** KARYAWAN ***,44650,CHAMPS EMULSION (BTL/200ML),2
SALES,NALAMBOK.Ap,44650,CHAMPS EMULSION (BTL/200ML),120
SALES,SURIATAMA MAHKOTA KENCANA.PT (SUZUYA MARELAN),44650,FLAVETTES VIT C WITH CALCIUM 1000 MG (BTL/30),6
SALES,SINAR RAYA.Ap,44650,CHAMPS EMULSION (BTL/200ML),48
RETUR,CITRA FARMA. AP,44651,CHAMPS MULTIVITAMIN PINNEAPLE (BTL/30),-1
RETUR,CITRA FARMA. AP,44651,FLAVETTES VIT C WITH CALCIUM 1000 MG (BTL/30),-1
RETUR,DJAYA FARMA.Ap,44651,CHAMPS MULTIVITAMIN PINNEAPLE (BTL/30),-1
RETUR,DJAYA FARMA.Ap,44651,FLAVETTES VIT C WITH CALCIUM 1000 MG (BTL/30),-1
RETUR,MEGA SAKTI.TO,44651,NATURALLE KACIP FATIMAH PLUS (BTL/60),-3
SALES,PHALMA AGUNG.Ap,44651,CHAMPS EMULSION (BTL/200ML),12
SALES,SURIATAMA MITRA PERWITA.PT (SUZUYA TAMORA),44651,FLAVETTES VIT C WITH CALCIUM 1000 MG (BTL/30),6
SALES,SURIATAMA MAHKOTA KENCANA.PT (SUZUYA KATAMSO),44651,FLAVETTES VIT C WITH CALCIUM 1000 MG (BTL/30),6
SALES,MERAPI MANDIRI.Ap,44651,CHAMPS VIT C 100MG (BTL/30),12
SALES,VITA SARI.Ap,44651,MAXITON SOFT CAP (BTL/30S),72
SALES,VITA SARI.Ap,44651,NATURALLE BETA CAROTENE 6MG (BTL/30S),24
SALES,AGUNG.TO,44651,NATURALLE BETA CAROTENE 6MG (BTL/30S),24
SALES,AGUNG.TO,44651,NATURALLE KACIP FATIMAH PLUS (BTL/60),23
SALES,SAMUDRA.Ap,44651,FLAVETTES VIT C WITH CALCIUM 1000 MG (BTL/30),22
SALES,MEGA SAKTI.TO,44651,CHAMPS MULTIVITAMIN PINNEAPLE (BTL/30),72
SALES,MEGA SAKTI.TO,44651,CHAMPS VIT C 100MG (BTL/30),72
SALES,MEGA SAKTI.TO,44651,MAXITON SOFT CAP (BTL/30S),72
SALES,MEGA SAKTI.TO,44651,NATURALLE BETA CAROTENE 6MG (BTL/30S),48
SALES,MEGA SAKTI.TO,44651,NATURALLE VIT E 250IU (BTL/30S),72
SALES,MEGA SAKTI.TO,44651,NATURALLE FISH OIL 1000MG (BTL/60S),36
SALES,MEGA SAKTI.TO,44651,NATURALLE GARLIC OIL 3000MG (BTL/100S),48
SALES,SAUDARA JAYA.Ap,44651,MAXITON SOFT CAP (BTL/30S),12
SALES,BONA JAYA.AP,44651,MAXITON SOFT CAP (BTL/30S),72
SALES,SURIATAMA MITRA PERWITA.PT (SUZUYA BINJAI),44651,FLAVETTES VIT C WITH CALCIUM 1000 MG (BTL/30),6
SALES,BONA JAYA.AP,44651,CHAMPS MULTIVITAMIN PINNEAPLE (BTL/30),24
SALES,BONA JAYA.AP,44651,CHAMPS VIT C 100MG (BTL/30),24
SALES,BONA JAYA.AP,44651,CHAMPS EMULSION (BTL/350ML),72
SALES,KOPERASI SERBA USAHA BINTANG ABADI NUSANTARA,44651,CHAMPS MULTIVITAMIN PINNEAPLE (BTL/30),12
SALES,SARI GUNUNG.Ap,44651,CHAMPS EMULSION (BTL/200ML),21
SALES,SARI GUNUNG.Ap,44651,CHAMPS MULTIVITAMIN PINNEAPLE (BTL/30),60
SALES,SARI GUNUNG.Ap,44651,CHAMPS VIT C 100MG (BTL/30),64
SALES,SARI GUNUNG.Ap,44651,NATURALLE TONGKAT ALI PLUS (BTL/60),12
SALES,MEDIKA.Ap,44651,CHAMPS VIT C 100MG (BTL/30),4
SALES,SARI GUNUNG.Ap,44651,CHAMPS EMULSION (BTL/350ML),88
SALES,SARI GUNUNG.Ap,44651,NATURALLE EPO PLUS FISH OIL 500MG(BTL/30S),45
SALES,SAUDARA JAYA.Ap,44651,CHAMPS EMULSION (BTL/350ML),48
SALES,SAUDARA JAYA.Ap,44651,NATURALLE EPO PLUS FISH OIL 500MG(BTL/30S),24
SALES,MEGA SAKTI.TO,44651,CHAMPS EMULSION (BTL/350ML),92
SALES,VITA SARI.Ap,44651,CHAMPS EMULSION (BTL/350ML),60
SALES,VITA SARI.Ap,44651,MAXITON SOFT CAP (BTL/30S),72
SALES,BONA JAYA.AP,44651,NATURALLE EPO PLUS FISH OIL 500MG(BTL/30S),36
SALES,AGUNG.TO,44651,CHAMPS EMULSION (BTL/350ML),12
SALES,AGUNG.TO,44651,NATURALLE EPO PLUS FISH OIL 500MG(BTL/30S),24
SALES,RANI. KLINIK PRATAMA,44651,CHAMPS EMULSION (BTL/200ML),6
SALES,RANI. KLINIK PRATAMA,44651,CHAMPS MULTIVITAMIN PINNEAPLE (BTL/30),12
SALES,RANI. KLINIK PRATAMA,44651,CHAMPS VIT C 100MG (BTL/30),12
SALES,RISDA.Bidan,44655,CHAMPS VIT C 100MG (BTL/30),4
SALES,KASIH AGAPE.Ap,44655,MAXITON SOFT CAP (BTL/30S),2
SALES,SAUDARA JAYA.Ap,44656,CHAMPS MULTIVITAMIN PINNEAPLE (BTL/30),24
SALES,SAUDARA JAYA.Ap,44656,CHAMPS VIT C 100MG (BTL/30),24
SALES,SAUDARA JAYA.Ap,44656,NATURALLE BETA CAROTENE 6MG (BTL/30S),12
SALES,SAUDARA JAYA.Ap,44656,NATURALLE GARLIC OIL 3000MG (BTL/100S),24
SALES,KITA SEHAT.Ap,44657,CHAMPS VIT C 100MG (BTL/30),12
SALES,KITA SEHAT.Ap,44657,NATURALLE BETA CAROTENE 6MG (BTL/30S),2
SALES,KITA SEHAT.Ap,44657,NATURALLE FISH OIL 1000MG (BTL/60S),1
SALES,KITA SEHAT.Ap,44657,NATURALLE GARLIC OIL 3000MG (BTL/100S),1
SALES,RAYA JAYA.Ap,44658,NATURALLE GARLIC OIL 3000MG (BTL/100S),2
SALES,PT. KALIMAS GLOBAL ASIA,44658,NATURALLE BETA CAROTENE 6MG (BTL/30S),24
SALES,REZEKI MANDIRI.Ap,44658,NATURALLE GARLIC OIL 3000MG (BTL/100S),4
SALES,MEGAH TETAP SAKTI.PT,44659,CHAMPS MULTIVITAMIN PINNEAPLE (BTL/30),72
SALES,MEGAH TETAP SAKTI.PT,44659,CHAMPS VIT C 100MG (BTL/30),72
SALES,MEGAH TETAP SAKTI.PT,44659,MAXITON SOFT CAP (BTL/30S),72
SALES,MEGAH TETAP SAKTI.PT,44659,NATURALLE BETA CAROTENE 6MG (BTL/30S),48
SALES,MEGAH TETAP SAKTI.PT,44659,NATURALLE VIT E 250IU (BTL/30S),72
SALES,MEGAH TETAP SAKTI.PT,44659,NATURALLE FISH OIL 1000MG (BTL/60S),36
SALES,MEGAH TETAP SAKTI.PT,44659,NATURALLE GARLIC OIL 3000MG (BTL/100S),48
SALES,MEGAH TETAP SAKTI.PT,44659,CHAMPS EMULSION (BTL/350ML),92
SALES,ANDA.TO,44659,MAXITON SOFT CAP (BTL/30S),12
SALES,RAYA III.Ap,44659,CHAMPS VIT C 100MG (BTL/30),6
SALES,SUMBER SEGAR LESTARI.CV (BRASTAGI RANTAU),44659,NATURALLE EPO PLUS FISH OIL 500MG(BTL/30S),3
SALES,SUMBER SEGAR LESTARI.CV (BRASTAGI RANTAU),44659,NATURALLE GARLIC OIL 3000MG (BTL/100S),3
SALES,SMARCO MANDIRI SUKSES.PT,44659,CHAMPS VIT C 100MG (BTL/30),12
SALES,ANUGRAH PERSADA.Ap,44660,NATURALLE FISH OIL 1000MG (BTL/60S),1
SALES,PT. KALIMAS GLOBAL ASIA,44660,NATURALLE VIT E 250IU (BTL/30S),72
SALES,RIZKY.Ap,44660,CHAMPS VIT C 100MG (BTL/30),1
SALES,RIZKY.Ap,44660,NATURALLE GARLIC OIL 3000MG (BTL/100S),1
SALES,SINAR BINTANG.Ap,44662,NATURALLE EPO PLUS FISH OIL 500MG(BTL/30S),4
SALES,SINAR BINTANG.Ap,44662,NATURALLE FISH OIL 1000MG (BTL/60S),4
SALES,HARRY NA JAYA FARMA.Ap,44662,NATURALLE FISH OIL 1000MG (BTL/60S),2
RETUR,TIARA.Ap,44663,CHAMPS MULTIVITAMIN PINNEAPLE (BTL/30),-1
RETUR,TIARA.Ap,44663,FLAVETTES VIT C WITH CALCIUM 1000 MG (BTL/30),-1
RETUR,MITHA FARMA.Ap,44663,CHAMPS VIT C 100MG (BTL/30),-1
RETUR,BERSAMA SEHAT.Ap,44663,CHAMPS VIT C 100MG (BTL/30),-1
RETUR,BERSAMA SEHAT.Ap,44663,FLAVETTES VIT C WITH CALCIUM 1000 MG (BTL/30),-1
RETUR,BUNDA.Ap,44663,CHAMPS MULTIVITAMIN PINNEAPLE (BTL/30),-1
RETUR,BUNDA.Ap,44663,FLAVETTES VIT C WITH CALCIUM 1000 MG (BTL/30),-1
RETUR,REZEKY/MECIN.Tk,44663,CHAMPS MULTIVITAMIN PINNEAPLE (BTL/30),-1
RETUR,REZEKY/MECIN.Tk,44663,FLAVETTES VIT C WITH CALCIUM 1000 MG (BTL/30),-1
RETUR,GEMILANG.Ap,44663,FLAVETTES VIT C WITH CALCIUM 1000 MG (BTL/30),-1
RETUR,MURNI.TO,44663,CHAMPS MULTIVITAMIN PINNEAPLE (BTL/30),-1
RETUR,MURNI.TO,44663,FLAVETTES VIT C WITH CALCIUM 1000 MG (BTL/30),-1
RETUR,SEHATI.Ap,44663,CHAMPS VIT C 100MG (BTL/30),-1
RETUR,SEHATI.Ap,44663,FLAVETTES VIT C WITH CALCIUM 1000 MG (BTL/30),-1
SALES,BIDAN NATALIA BR GIRSANG  TO SUMBER SEHAT,44663,NATURALLE EPO PLUS FISH OIL 500MG(BTL/30S),1
RETUR,BERSAMA.TO,44664,NATURALLE TONGKAT ALI PLUS (BTL/60),-3
RETUR,YOHANA FARMA.Ap,44664,NATURALLE GARLIC OIL 3000MG (BTL/100S),-1
SALES,MW RAMBUTAN 2.Ap,44664,NATURALLE VIT E 250IU (BTL/30S),2
SALES,DAMAI SEJAHTERA.Ap,44664,CHAMPS EMULSION (BTL/200ML),2
SALES,DAMAI SEJAHTERA.Ap,44664,NATURALLE GARLIC OIL 3000MG (BTL/100S),1
SALES,SERASI.Ap,44664,CHAMPS EMULSION (BTL/200ML),12
SALES,TANJUNG SARI.Ap,44665,FLAVETTES VIT C WITH CALCIUM 1000 MG (BTL/30),1
SALES,PT. KALIMAS GLOBAL ASIA,44665,CHAMPS MULTIVITAMIN PINNEAPLE (BTL/30),48
SALES,SEHAT FARMA. AP,44665,MAXITON SOFT CAP (BTL/30S),12
RETUR,MEGA SAKTI.TO,44669,NATURALLE TONGKAT ALI PLUS (BTL/60),-3
RETUR,KOPERASI SERBA USAHA BINTANG ABADI NUSANTARA,44669,CHAMPS MULTIVITAMIN PINNEAPLE (BTL/30),-5
RETUR,GUNA F.Ap,44669,CHAMPS EMULSION (BTL/200ML),-1
RETUR,MERAPI MANDIRI.Ap,44669,CHAMPS MULTIVITAMIN PINNEAPLE (BTL/30),-5
RETUR,CHACHA.Ap,44669,FLAVETTES VIT C WITH CALCIUM 1000 MG (BTL/30),-1
RETUR,YASMIN.Ap,44669,CHAMPS MULTIVITAMIN PINNEAPLE (BTL/30),-1
RETUR,YASMIN.Ap,44669,FLAVETTES VIT C WITH CALCIUM 1000 MG (BTL/30),-1
RETUR,HIDUP SEHAT.Ap,44669,CHAMPS MULTIVITAMIN PINNEAPLE (BTL/30),-1
RETUR,HIDUP SEHAT.Ap,44669,FLAVETTES VIT C WITH CALCIUM 1000 MG (BTL/30),-1
RETUR,PANE FARMA.Ap,44669,CHAMPS MULTIVITAMIN PINNEAPLE (BTL/30),-1
RETUR,PANE FARMA.Ap,44669,FLAVETTES VIT C WITH CALCIUM 1000 MG (BTL/30),-1
SALES,BIDARA.Ap,44669,CHAMPS EMULSION (BTL/200ML),3
RETUR,PELANGI.Ap,44670,MAXITON SOFT CAP (BTL/30S),-1
RETUR,PELANGI.Ap,44670,FLAVETTES VIT C WITH CALCIUM 1000 MG (BTL/30),-1
RETUR,SELAYANG.Ap,44670,MAXITON SOFT CAP (BTL/30S),-1
SALES,GUNA F.Ap,44670,NATURALLE BETA CAROTENE 6MG (BTL/30S),1
SALES,GUNA F.Ap,44670,NATURALLE FISH OIL 1000MG (BTL/60S),1
SALES,ARMA JAYA.Ap,44670,NATURALLE EPO PLUS FISH OIL 500MG(BTL/30S),1
SALES,ARMA JAYA.Ap,44670,NATURALLE GARLIC OIL 3000MG (BTL/100S),1
SALES,BONA 1.Ap,44670,NATURALLE BETA CAROTENE 6MG (BTL/30S),2
SALES,BONA 1.Ap,44670,NATURALLE FISH OIL 1000MG (BTL/60S),1
SALES,PT. KALIMAS GLOBAL ASIA,44670,MAXITON SOFT CAP (BTL/30S),36
SALES,JAKARTA.Ap,44671,NATURALLE BETA CAROTENE 6MG (BTL/30S),12
SALES,JAKARTA.Ap,44671,NATURALLE FISH OIL 1000MG (BTL/60S),12
RETUR,MURAH.Ap,44672,FLAVETTES VIT C WITH CALCIUM 1000 MG (BTL/30),-1
RETUR,ASEAN.Ap,44672,CHAMPS MULTIVITAMIN PINNEAPLE (BTL/30),-1
RETUR,ASEAN.Ap,44672,FLAVETTES VIT C WITH CALCIUM 1000 MG (BTL/30),-1
RETUR,BAHAGIA.TO,44672,CHAMPS MULTIVITAMIN PINNEAPLE (BTL/30),-1
RETUR,BAHAGIA.TO,44672,FLAVETTES VIT C WITH CALCIUM 1000 MG (BTL/30),-1
SALES,KARYA RAYA.Ap,44672,NATURALLE BETA CAROTENE 6MG (BTL/30S),1
SALES,KARYA RAYA.Ap,44672,NATURALLE VIT E 250IU (BTL/30S),1
SALES,KARYA RAYA.Ap,44672,NATURALLE EPO PLUS FISH OIL 500MG(BTL/30S),1
SALES,KARYA RAYA.Ap,44672,NATURALLE FISH OIL 1000MG (BTL/60S),1
SALES,KARYA RAYA.Ap,44672,NATURALLE TONGKAT ALI PLUS (BTL/60),1
SALES,KARYA RAYA.Ap,44672,NATURALLE KACIP FATIMAH PLUS (BTL/60),1
SALES,DELI.Ap,44672,CHAMPS VIT C 100MG (BTL/30),12
SALES,PT. KALIMAS GLOBAL ASIA,44672,CHAMPS EMULSION (BTL/200ML),48
SALES,BINTANG FARMA. CV,44672,MAXITON SOFT CAP (BTL/30S),24
SALES,BINTANG FARMA. CV,44672,NATURALLE TONGKAT ALI PLUS (BTL/60),4
SALES,BINTANG FARMA. CV,44672,NATURALLE KACIP FATIMAH PLUS (BTL/60),4
SALES,PT. KALIMAS GLOBAL ASIA,44672,NATURALLE FISH OIL 1000MG (BTL/60S),36
SALES,TANJUNG SARI.Ap,44672,CHAMPS EMULSION (BTL/200ML),4
SALES,ARTA SEHAT.Ap,44672,CHAMPS EMULSION (BTL/200ML),7
SALES,KASIH AGAPE.Ap,44672,CHAMPS EMULSION (BTL/200ML),4
SALES,BINTANG FARMA. CV,44673,CHAMPS MULTIVITAMIN PINNEAPLE (BTL/30),288
SALES,BINTANG FARMA. CV,44673,NATURALLE BETA CAROTENE 6MG (BTL/30S),12
SALES,RAYA JAYA.Ap,44673,CHAMPS VIT C 100MG (BTL/30),4
SALES,CAHAYA RAYA.Ap,44673,NATURALLE GARLIC OIL 3000MG (BTL/100S),4
SALES,PT. KALIMAS GLOBAL ASIA,44673,NATURALLE GARLIC OIL 3000MG (BTL/100S),12
SALES,PT. KALIMAS GLOBAL ASIA,44673,NATURALLE KACIP FATIMAH PLUS (BTL/60),12
SALES,BETHESDA BERKAT. AP,44674,MAXITON SOFT CAP (BTL/30S),12
SALES,MARYAM.Ap,44674,CHAMPS EMULSION (BTL/200ML),3
SALES,LASMARO PASARIBU.Bidan,44674,NATURALLE TONGKAT ALI PLUS (BTL/60),1
SALES,RIZKY.Ap,44674,NATURALLE GARLIC OIL 3000MG (BTL/100S),1
SALES,CAHAYA. TO,44674,MAXITON SOFT CAP (BTL/30S),1
SALES,RAMAIDA SIBURIAN.Bidan,44674,NATURALLE EPO PLUS FISH OIL 500MG(BTL/30S),2
RETUR,JATI NEGARA.Ap,44676,CHAMPS MULTIVITAMIN PINNEAPLE (BTL/30),-1
RETUR,JATI NEGARA.Ap,44676,FLAVETTES VIT C WITH CALCIUM 1000 MG (BTL/30),-1
RETUR,SEHAT SERASI.Ap,44676,CHAMPS MULTIVITAMIN PINNEAPLE (BTL/30),-1
RETUR,SEHAT SERASI.Ap,44676,FLAVETTES VIT C WITH CALCIUM 1000 MG (BTL/30),-1
SALES,HIDUP SEHAT,44676,CHAMPS VIT C 100MG (BTL/30),12
SALES,AGUNG.TO,44676,NATURALLE VIT E 250IU (BTL/30S),36
SALES,SARI GUNUNG.Ap,44676,CHAMPS EMULSION (BTL/200ML),120
SALES,GAMA.Ap,44676,CHAMPS EMULSION (BTL/200ML),4
SALES,GAMA.Ap,44676,NATURALLE GARLIC OIL 3000MG (BTL/100S),2
SALES,BERSAMA.TO,44676,MAXITON SOFT CAP (BTL/30S),4
SALES,NALAMBOK.Ap,44677,MAXITON SOFT CAP (BTL/30S),12
SALES,SAUDARA JAYA.Ap,44677,CHAMPS EMULSION (BTL/200ML),24
SALES,SAUDARA JAYA.Ap,44677,CHAMPS VIT C 100MG (BTL/30),24
SALES,BONA JAYA.AP,44677,NATURALLE VIT E 250IU (BTL/30S),72
SALES,BINTANG FARMA. CV,44677,NATURALLE VIT E 250IU (BTL/30S),48
SALES,BINTANG FARMA. CV,44677,NATURALLE EPO PLUS FISH OIL 500MG(BTL/30S),24
SALES,GUNA F.Ap,44678,MAXITON SOFT CAP (BTL/30S),2
SALES,MARYAM.Ap,44678,CHAMPS EMULSION (BTL/200ML),3
RETUR,PT. MENARA ANUGERAH SENTOSA,44679,CHAMPS EMULSION (BTL/200ML),-2
SALES,BONA JAYA.AP,44679,NATURALLE FISH OIL 1000MG (BTL/60S),24
SALES,HORISAN.Ap,44679,NATURALLE BETA CAROTENE 6MG (BTL/30S),7
SALES,PT. KALIMAS GLOBAL ASIA,44679,CHAMPS MULTIVITAMIN PINNEAPLE (BTL/30),48
RETUR,SUDARSO.Ap,44680,CHAMPS MULTIVITAMIN PINNEAPLE (BTL/30),-1
RETUR,SUDARSO.Ap,44680,FLAVETTES VIT C WITH CALCIUM 1000 MG (BTL/30),-1
RETUR,RAJAWALI.Ap,44680,CHAMPS MULTIVITAMIN PINNEAPLE (BTL/30),-1
RETUR,RAJAWALI.Ap,44680,FLAVETTES VIT C WITH CALCIUM 1000 MG (BTL/30),-1
RETUR,RIZA KARYA.TO,44680,CHAMPS MULTIVITAMIN PINNEAPLE (BTL/30),-1
RETUR,RIZA KARYA.TO,44680,FLAVETTES VIT C WITH CALCIUM 1000 MG (BTL/30),-1
RETUR,SEKIP JAYA.Ap,44680,CHAMPS MULTIVITAMIN PINNEAPLE (BTL/30),-1
RETUR,SUMBER SEGAR LESTARI.CV (BRASTAGI RANTAU),44680,CHAMPS EMULSION (BTL/200ML),-5
SALES,RAYA JAYA.Ap,44680,NATURALLE GARLIC OIL 3000MG (BTL/100S),1
SALES,NASIONAL FARMA.Ap,44680,CHAMPS VIT C 100MG (BTL/30),4
SALES,RANI. KLINIK PRATAMA,44680,CHAMPS VIT C 100MG (BTL/30),4
SALES,AL- BAROKAH. UD.,44680,CHAMPS EMULSION (BTL/200ML),48
SALES,RIZKY.Ap,44680,CHAMPS EMULSION (BTL/200ML),3
SALES,RAYA IV.Ap,44680,CHAMPS VIT C 100MG (BTL/30),12
SALES,RAYA IV.Ap,44680,NATURALLE BETA CAROTENE 6MG (BTL/30S),1
SALES,BONA JAYA.AP,44680,NATURALLE EPO PLUS FISH OIL 500MG(BTL/30S),48
SALES,AGUNG.TO,44680,NATURALLE BETA CAROTENE 6MG (BTL/30S),26
SALES,SARI GUNUNG.Ap,44680,NATURALLE EPO PLUS FISH OIL 500MG(BTL/30S),12
SALES,SARI GUNUNG.Ap,44680,NATURALLE FISH OIL 1000MG (BTL/60S),12
SALES,SARI GUNUNG.Ap,44680,NATURALLE KACIP FATIMAH PLUS (BTL/60),12
SALES,AGUNG.TO,44680,CHAMPS MULTIVITAMIN PINNEAPLE (BTL/30),24
SALES,AGUNG.TO,44680,NATURALLE EPO PLUS FISH OIL 500MG(BTL/30S),38
SALES,AGUNG.TO,44680,NATURALLE FISH OIL 1000MG (BTL/60S),16
SALES,RAYA JAYA.Ap,44680,CHAMPS EMULSION (BTL/200ML),4
SALES,KOPERASI SERBA USAHA BINTANG ABADI NUSANTARA,44680,CHAMPS EMULSION (BTL/200ML),12
SALES,HARRY NA JAYA FARMA.Ap,44680,CHAMPS EMULSION (BTL/200ML),4
SALES,PANCUR BATU.Ap,44680,CHAMPS EMULSION (BTL/200ML),4
RETUR,NAGA MAS.TO,44681,CHAMPS MULTIVITAMIN PINNEAPLE (BTL/30),-1
RETUR,NAGA MAS.TO,44681,FLAVETTES VIT C WITH CALCIUM 1000 MG (BTL/30),-1
RETUR,WINCO.TO,44681,FLAVETTES VIT C WITH CALCIUM 1000 MG (BTL/30),-1
SALES,ANUGERAH.TO,44680,CHAMPS EMULSION (BTL/200ML),4
SALES,SINAR BINTANG.Ap,44680,CHAMPS EMULSION (BTL/200ML),24
SALES,KAYLA FARMA.Ap,44680,CHAMPS EMULSION (BTL/200ML),3
SALES,SARI GUNUNG.Ap,44680,FLAVETTES VIT C WITH CALCIUM 1000 MG (BTL/30),12
SALES,RAYA IV.Ap,44680,CHAMPS EMULSION (BTL/200ML),12
SALES,APHING.TO,44680,CHAMPS EMULSION (BTL/200ML),4
SALES,INDAH.Ap,44680,CHAMPS EMULSION (BTL/200ML),4
SALES,NASIONAL FARMA.Ap,44680,CHAMPS EMULSION (BTL/200ML),4
SALES,AGUNG.TO,44680,FLAVETTES VIT C WITH CALCIUM 1000 MG (BTL/30),36
SALES,PT. KALIMAS GLOBAL ASIA,44680,FLAVETTES VIT C WITH CALCIUM 1000 MG (BTL/30),24
SALES,SAUDARA JAYA.Ap,44681,FLAVETTES VIT C WITH CALCIUM 1000 MG (BTL/30),24
SALES,BONA JAYA.AP,44681,FLAVETTES VIT C WITH CALCIUM 1000 MG (BTL/30),72
SALES,BONA JAYA.AP,44681,NATURALLE FISH OIL 1000MG (BTL/60S),12
SALES,PT. KALIMAS GLOBAL ASIA,44681,NATURALLE EPO PLUS FISH OIL 500MG(BTL/30S),24
SALES,VITA SARI.Ap,44681,CHAMPS MULTIVITAMIN PINNEAPLE (BTL/30),53
SALES,VITA SARI.Ap,44681,MAXITON SOFT CAP (BTL/30S),72
SALES,VITA SARI.Ap,44681,NATURALLE VIT E 250IU (BTL/30S),36
SALES,VITA SARI.Ap,44681,NATURALLE GARLIC OIL 3000MG (BTL/100S),24
SALES,VITA SARI.Ap,44681,CHAMPS EMULSION (BTL/200ML),72
SALES,VITA SARI.Ap,44681,FLAVETTES VIT C WITH CALCIUM 1000 MG (BTL/30),84
RETUR,RAYA JAYA.Ap,44685,CHAMPS EMULSION (BTL/200ML),-6
RETUR,RAYA JAYA.Ap,44685,NATURALLE GARLIC OIL 3000MG (BTL/100S),-1
SALES,NUSA INDAH. AP,44686,CHAMPS EMULSION (BTL/200ML),6
RETUR,PANCUR BATU.Ap,44687,CHAMPS EMULSION (BTL/200ML),-2
RETUR,HARRY NA JAYA FARMA.Ap,44687,CHAMPS EMULSION (BTL/200ML),-4
RETUR,RIZKY.Ap,44687,CHAMPS EMULSION (BTL/200ML),-1
RETUR,KAYLA FARMA.Ap,44687,CHAMPS EMULSION (BTL/200ML),-2
RETUR,INDAH.Ap,44687,CHAMPS EMULSION (BTL/200ML),-2
RETUR,AURA.Ap,44687,CHAMPS MULTIVITAMIN PINNEAPLE (BTL/30),-1
SALES,RAYA VI.Ap,44687,CHAMPS VIT C 100MG (BTL/30),6
SALES,SURYA FARMA JAYA.Ap,44690,MAXITON SOFT CAP (BTL/30S),1
RETUR,AHMAD SAMSURI. AP,44691,CHAMPS MULTIVITAMIN PINNEAPLE (BTL/30),-1
RETUR,AHMAD SAMSURI. AP,44691,FLAVETTES VIT C WITH CALCIUM 1000 MG (BTL/30),-1
SALES,MATAHARI.Ap,44691,CHAMPS EMULSION (BTL/200ML),4
SALES,HISYAM.AP,44691,CHAMPS EMULSION (BTL/200ML),4
SALES,HISYAM.AP,44691,MAXITON SOFT CAP (BTL/30S),1
SALES,SAUDARA JAYA.Ap,44692,CHAMPS EMULSION (BTL/200ML),24
SALES,SAUDARA JAYA.Ap,44692,CHAMPS VIT C 100MG (BTL/30),24
SALES,SAUDARA JAYA.Ap,44692,MAXITON SOFT CAP (BTL/30S),36
SALES,SAUDARA JAYA.Ap,44692,NATURALLE BETA CAROTENE 6MG (BTL/30S),12
SALES,SAUDARA JAYA.Ap,44692,NATURALLE EPO PLUS FISH OIL 500MG(BTL/30S),12
SALES,SAUDARA JAYA.Ap,44692,NATURALLE FISH OIL 1000MG (BTL/60S),12
SALES,SAUDARA JAYA.Ap,44692,FLAVETTES VIT C WITH CALCIUM 1000 MG (BTL/30),18
SALES,SAUDARA JAYA.Ap,44692,FLAVETTES VIT C WITH CALCIUM 1000 MG (BTL/30),6
SALES,RAYA III.Ap,44692,CHAMPS EMULSION (BTL/200ML),7
SALES,KURNIA FARMA.Ap,44692,CHAMPS EMULSION (BTL/200ML),7
SALES,SERASI.Ap,44692,CHAMPS EMULSION (BTL/200ML),12
SALES,MW RAMBUTAN 2.Ap,44692,CHAMPS VIT C 100MG (BTL/30),4
SALES,DETTY.Ap,44694,CHAMPS EMULSION (BTL/200ML),6
SALES,RAFIF FARMA.Ap,44694,MAXITON SOFT CAP (BTL/30S),2
SALES,VITA SARI.Ap,44694,NATURALLE BETA CAROTENE 6MG (BTL/30S),24
SALES,VITA SARI.Ap,44694,NATURALLE FISH OIL 1000MG (BTL/60S),24
SALES,PT. KALIMAS GLOBAL ASIA,44694,NATURALLE VIT E 250IU (BTL/30S),36
SALES,VITA SARI.Ap,44695,NATURALLE BETA CAROTENE 6MG (BTL/30S),24
RETUR,SERASI.Ap,44698,CHAMPS EMULSION (BTL/200ML),-4
SALES,MATAHARI.Ap,44698,CHAMPS EMULSION (BTL/200ML),4
SALES,PT. KALIMAS GLOBAL ASIA,44698,NATURALLE VIT E 250IU (BTL/30S),36
SALES,NASIONAL FARMA.Ap,44700,CHAMPS EMULSION (BTL/200ML),4
SALES,*** KARYAWAN ***,44701,MAXITON SOFT CAP (BTL/30S),1
SALES,EVA HUTAHAEAN.Bidan,44701,CHAMPS EMULSION (BTL/200ML),12
SALES,EVA HUTAHAEAN.Bidan,44701,MAXITON SOFT CAP (BTL/30S),12
SALES,BINTANG FARMA. CV,44701,CHAMPS VIT C 100MG (BTL/30),48
SALES,BINTANG FARMA. CV,44701,MAXITON SOFT CAP (BTL/30S),72
SALES,BINTANG FARMA. CV,44701,NATURALLE FISH OIL 1000MG (BTL/60S),30
SALES,MURAH.Ap,44702,CHAMPS EMULSION (BTL/200ML),3
SALES,TERANG FARMA.Ap,44702,CHAMPS EMULSION (BTL/200ML),6
SALES,ARDUMAS.Bidan,44702,CHAMPS EMULSION (BTL/200ML),6
RETUR,HUSADA.Ap,44704,CHAMPS EMULSION (BTL/200ML),-2
RETUR,SERBA GUNA.TO,44704,FLAVETTES VIT C WITH CALCIUM 1000 MG (BTL/30),-1
RETUR,SURYA FARMA JAYA.Ap,44704,CHAMPS EMULSION (BTL/200ML),-3
RETUR,NASIONAL FARMA.Ap,44704,CHAMPS EMULSION (BTL/200ML),-3
RETUR,APHING.TO,44704,CHAMPS EMULSION (BTL/200ML),-4
RETUR,ANUGERAH.TO,44704,CHAMPS EMULSION (BTL/200ML),-4
RETUR,PELITA 3. AP,44704,CHAMPS EMULSION (BTL/200ML),-3
SALES,DAMANIK.Bidan,44704,CHAMPS EMULSION (BTL/200ML),3
RETUR,RIDHO.Ap,44705,CHAMPS EMULSION (BTL/200ML),-2
RETUR,BUDIMAN JAYA.TO,44705,CHAMPS EMULSION (BTL/200ML),-2
SALES,EVA HUTAHAEAN.Bidan,44705,NATURALLE BETA CAROTENE 6MG (BTL/30S),6
SALES,EVA HUTAHAEAN.Bidan,44705,NATURALLE GARLIC OIL 3000MG (BTL/100S),12
SALES,EVA HUTAHAEAN.Bidan,44705,NATURALLE TONGKAT ALI PLUS (BTL/60),3
SALES,EVA HUTAHAEAN.Bidan,44705,NATURALLE KACIP FATIMAH PLUS (BTL/60),3
SALES,VITA SARI.Ap,44705,MAXITON SOFT CAP (BTL/30S),72
SALES,MATAHARI.Ap,44705,CHAMPS VIT C 100MG (BTL/30),7
SALES,RIDHO.Ap,44705,CHAMPS EMULSION (BTL/200ML),4
SALES,PT. KALIMAS GLOBAL ASIA,44706,NATURALLE EPO PLUS FISH OIL 500MG(BTL/30S),24
SALES,PT. KALIMAS GLOBAL ASIA,44706,CHAMPS EMULSION (BTL/200ML),48
SALES,PT. KALIMAS GLOBAL ASIA,44706,CHAMPS EMULSION (BTL/200ML),42
SALES,WIJAYA.Ap,44706,CHAMPS MULTIVITAMIN PINNEAPLE (BTL/30),2
SALES,WIJAYA.Ap,44706,CHAMPS MULTIVITAMIN PINNEAPLE (BTL/30),2
SALES,WIJAYA.Ap,44706,CHAMPS VIT C 100MG (BTL/30),4
SALES,AGUNG.TO,44706,CHAMPS VIT C 100MG (BTL/30),24
SALES,SAUDARA JAYA.Ap,44706,CHAMPS MULTIVITAMIN PINNEAPLE (BTL/30),17
SALES,SAUDARA JAYA.Ap,44706,NATURALLE FISH OIL 1000MG (BTL/60S),24
RETUR,MITRA MULTI MARGA.PT,44708,CHAMPS EMULSION (BTL/200ML),-10
RETUR,SERASI.Ap,44708,CHAMPS EMULSION (BTL/200ML),-3
SALES,SINAR BINTANG 3. AP,44708,CHAMPS EMULSION (BTL/200ML),4
SALES,BONA 1.Ap,44709,NATURALLE GARLIC OIL 3000MG (BTL/100S),2
SALES,SINAR RAYA.Ap,44709,NATURALLE EPO PLUS FISH OIL 500MG(BTL/30S),12
SALES,CAHAYA RAYA.Ap,44709,NATURALLE GARLIC OIL 3000MG (BTL/100S),6
SALES,VITA SARI.Ap,44709,NATURALLE FISH OIL 1000MG (BTL/60S),24
SALES,SAUDARA JAYA.Ap,44709,MAXITON SOFT CAP (BTL/30S),36
SALES,PHALMA AGUNG.Ap,44711,NATURALLE FISH OIL 1000MG (BTL/60S),6
SALES,PHALMA AGUNG.Ap,44711,NATURALLE GARLIC OIL 3000MG (BTL/100S),2
SALES,ARMA JAYA. AP,44712,CHAMPS EMULSION (BTL/200ML),3
SALES,PHALMA AGUNG.Ap,44712,MAXITON SOFT CAP (BTL/30S),4
SALES,BONA JAYA.AP,44712,MAXITON SOFT CAP (BTL/30S),72
SALES,AGUNG.TO,44712,NATURALLE BETA CAROTENE 6MG (BTL/30S),24
SALES,BINTANG FARMA. CV,44712,NATURALLE EPO PLUS FISH OIL 500MG(BTL/30S),24
SALES,BINTANG FARMA. CV,44712,NATURALLE KACIP FATIMAH PLUS (BTL/60),4
SALES,BINTANG FARMA. CV,44712,FLAVETTES VIT C WITH CALCIUM 1000 MG (BTL/30),5
SALES,BINTANG FARMA. CV,44712,FLAVETTES VIT C WITH CALCIUM 1000 MG (BTL/30),67
SALES,BONA JAYA.AP,44712,CHAMPS VIT C 100MG (BTL/30),24
SALES,SERASI.Ap,44712,CHAMPS EMULSION (BTL/200ML),4
SALES,RIDHO.Ap,44712,CHAMPS EMULSION (BTL/200ML),3
SALES,BUDIMAN JAYA.TO,44712,CHAMPS EMULSION (BTL/200ML),3
SALES,SURYA FARMA JAYA.Ap,44712,CHAMPS EMULSION (BTL/200ML),3
SALES,MITRA MULTI MARGA.PT,44712,CHAMPS EMULSION (BTL/200ML),10
SALES,HUSADA.Ap,44712,CHAMPS EMULSION (BTL/200ML),3
SALES,BONA JAYA.AP,44712,CHAMPS MULTIVITAMIN PINNEAPLE (BTL/30),24
SALES,ANDA.TO,44712,MAXITON SOFT CAP (BTL/30S),12
SALES,RAYA IV.Ap,44712,NATURALLE BETA CAROTENE 6MG (BTL/30S),1
SALES,RAYA IV.Ap,44712,NATURALLE VIT E 250IU (BTL/30S),1
SALES,HARAPAN BARU. AP,44712,CHAMPS EMULSION (BTL/200ML),4
SALES,PELITA 3. AP,44712,CHAMPS EMULSION (BTL/200ML),4
SALES,MEGAH TETAP SAKTI.PT,44712,CHAMPS EMULSION (BTL/200ML),72
SALES,SAUDARA JAYA.Ap,44712,CHAMPS EMULSION (BTL/200ML),48
SALES,SAUDARA JAYA.Ap,44712,CHAMPS EMULSION (BTL/350ML),24
SALES,SAUDARA JAYA.Ap,44712,CHAMPS MULTIVITAMIN PINNEAPLE (BTL/30),24
SALES,SAUDARA JAYA.Ap,44712,NATURALLE VIT E 250IU (BTL/30S),24
SALES,VITA SARI.Ap,44712,CHAMPS EMULSION (BTL/350ML),60
SALES,VITA SARI.Ap,44712,CHAMPS MULTIVITAMIN PINNEAPLE (BTL/30),72
SALES,VITA SARI.Ap,44712,NATURALLE KACIP FATIMAH PLUS (BTL/60),24
SALES,AGUNG.TO,44712,CHAMPS EMULSION (BTL/200ML),24
SALES,AGUNG.TO,44712,NATURALLE VIT E 250IU (BTL/30S),36
SALES,AGUNG.TO,44712,NATURALLE EPO PLUS FISH OIL 500MG(BTL/30S),36
SALES,AGUNG.TO,44712,NATURALLE FISH OIL 1000MG (BTL/60S),36
SALES,KITA SEHAT.Ap,44712,CHAMPS EMULSION (BTL/200ML),3
SALES,PT. KALIMAS GLOBAL ASIA,44712,CHAMPS MULTIVITAMIN PINNEAPLE (BTL/30),72
SALES,PT. KALIMAS GLOBAL ASIA,44712,MAXITON SOFT CAP (BTL/30S),48
SALES,PT. KALIMAS GLOBAL ASIA,44712,FLAVETTES VIT C WITH CALCIUM 1000 MG (BTL/30),36
SALES,CHELSEA.Ap,44712,CHAMPS EMULSION (BTL/200ML),3
SALES,BINTANG FARMA. CV,44712,NATURALLE TONGKAT ALI PLUS (BTL/60),4
SALES,VITA SARI.Ap,44712,CHAMPS VIT C 100MG (BTL/30),72
SALES,VITA SARI.Ap,44712,NATURALLE GARLIC OIL 3000MG (BTL/100S),24
SALES,BERKAT.Ap,44715,CHAMPS EMULSION (BTL/200ML),4
SALES,MITRA.Ap,44715,CHAMPS EMULSION (BTL/200ML),6
SALES,MITRA.Ap,44715,MAXITON SOFT CAP (BTL/30S),1
SALES,RAYA III.Ap,44718,CHAMPS EMULSION (BTL/350ML),2
RETUR,PT. MENARA ANUGERAH SENTOSA,44719,CHAMPS EMULSION (BTL/200ML),-1
SALES,RAYA IV.Ap,44719,CHAMPS VIT C 100MG (BTL/30),12
SALES,TIGA SAUDARA. AP,44720,CHAMPS EMULSION (BTL/200ML),3
SALES,SUMBER SEGAR LESTARI.CV (BRASTAGI RANTAU),44720,CHAMPS EMULSION (BTL/200ML),6
SALES,SUMBER SEGAR LESTARI.CV (BRASTAGI RANTAU),44720,CHAMPS EMULSION (BTL/350ML),6
SALES,LAMHOT.Ap,44721,CHAMPS EMULSION (BTL/200ML),7
SALES,DEARMA.Ap,44722,CHAMPS EMULSION (BTL/200ML),7
SALES,HORISAN.Ap,44722,CHAMPS MULTIVITAMIN PINNEAPLE (BTL/30),12
SALES,SINAR RAYA.Ap,44722,CHAMPS EMULSION (BTL/350ML),24
SALES,CAHAYA RAYA.Ap,44722,CHAMPS VIT C 100MG (BTL/30),12
SALES,HADI.Ap,44722,CHAMPS EMULSION (BTL/200ML),3
SALES,RAYA VI.Ap,44725,CHAMPS VIT C 100MG (BTL/30),6
SALES,RIZKY FARMA.Ap,44726,CHAMPS EMULSION (BTL/200ML),4
SALES,*** BAZZAR ***,44726,CHAMPS VIT C 100MG (BTL/30),3
SALES,WATIYEM.Bidan,44727,CHAMPS VIT C 100MG (BTL/30),4
SALES,CAHAYA RAYA.Ap,44727,CHAMPS EMULSION (BTL/200ML),4
SALES,CAHAYA RAYA.Ap,44727,CHAMPS EMULSION (BTL/350ML),4
SALES,ANTARA.Ap,44727,CHAMPS EMULSION (BTL/200ML),12
SALES,JASANTA.AP,44727,CHAMPS EMULSION (BTL/200ML),3
SALES,HORISAN.Ap,44727,CHAMPS EMULSION (BTL/200ML),12
SALES,HORISAN.Ap,44727,CHAMPS EMULSION (BTL/350ML),12
RETUR,MITHA FARMA.Ap,44728,FLAVETTES VIT C WITH CALCIUM 1000 MG (BTL/30),-1
SALES,VITA SARI.Ap,44729,NATURALLE FISH OIL 1000MG (BTL/60S),24
SALES,BUDIMAN JAYA.TO,44729,CHAMPS EMULSION (BTL/200ML),4
RETUR,VITA HUSADA.TO,44732,CHAMPS VIT C 100MG (BTL/30),-1
RETUR,VITA HUSADA.TO,44732,FLAVETTES VIT C WITH CALCIUM 1000 MG (BTL/30),-1
SALES,ARMA JAYA. AP,44732,CHAMPS EMULSION (BTL/200ML),4
SALES,RAYA IV.Ap,44732,MAXITON SOFT CAP (BTL/30S),2
SALES,BUANA INDAH.Ap,44732,CHAMPS EMULSION (BTL/200ML),144
SALES,BUANA INDAH.Ap,44732,NATURALLE BETA CAROTENE 6MG (BTL/30S),36
SALES,BONA JAYA.AP,44733,CHAMPS EMULSION (BTL/350ML),12
SALES,BONA JAYA.AP,44733,NATURALLE KACIP FATIMAH PLUS (BTL/60),4
SALES,AGUNG.TO,44733,NATURALLE GARLIC OIL 3000MG (BTL/100S),24
SALES,MW RAMBUTAN 2.Ap,44733,NATURALLE VIT E 250IU (BTL/30S),2
SALES,WINATA.Ap,44733,CHAMPS EMULSION (BTL/200ML),4
SALES,ROMERO.Ap,44734,CHAMPS EMULSION (BTL/200ML),4
SALES,BINTANG FARMA. CV,44734,MAXITON SOFT CAP (BTL/30S),30
SALES,BINTANG FARMA. CV,44734,NATURALLE BETA CAROTENE 6MG (BTL/30S),12
SALES,BINTANG FARMA. CV,44734,NATURALLE VIT E 250IU (BTL/30S),12
SALES,BINTANG FARMA. CV,44734,NATURALLE GARLIC OIL 3000MG (BTL/100S),12
SALES,SUSU NEW ASIA MANDIRI. TK,44734,NATURALLE FISH OIL 1000MG (BTL/60S),1
SALES,AGUNG.TO,44734,MAXITON SOFT CAP (BTL/30S),50
SALES,BONA JAYA.AP,44735,CHAMPS EMULSION (BTL/200ML),48
SALES,ANUGRAH PERSADA.Ap,44735,NATURALLE FISH OIL 1000MG (BTL/60S),1
SALES,GABE REJEKI.Ap,44735,CHAMPS EMULSION (BTL/200ML),4
SALES,DELI.Ap,44735,CHAMPS VIT C 100MG (BTL/30),12
RETUR,KARYA RAYA.Ap,44736,NATURALLE BETA CAROTENE 6MG (BTL/30S),-1
RETUR,KARYA RAYA.Ap,44736,NATURALLE VIT E 250IU (BTL/30S),-1
RETUR,KARYA RAYA.Ap,44736,NATURALLE EPO PLUS FISH OIL 500MG(BTL/30S),-1
RETUR,KARYA RAYA.Ap,44736,NATURALLE TONGKAT ALI PLUS (BTL/60),-1
RETUR,KARYA RAYA.Ap,44736,NATURALLE KACIP FATIMAH PLUS (BTL/60),-1
SALES,KAYLA FARMA.Ap,44736,CHAMPS EMULSION (BTL/200ML),4
SALES,BUANA INDAH.Ap,44736,NATURALLE BETA CAROTENE 6MG (BTL/30S),24
SALES,BUANA INDAH.Ap,44736,NATURALLE EPO PLUS FISH OIL 500MG(BTL/30S),12
SALES,SUSU NEW ASIA MANDIRI. TK,44736,NATURALLE GARLIC OIL 3000MG (BTL/100S),1
SALES,HARRY NA JAYA FARMA.Ap,44739,NATURALLE BETA CAROTENE 6MG (BTL/30S),2
SALES,BIDARA.Ap,44739,CHAMPS EMULSION (BTL/200ML),4
SALES,KOPERASI SERBA USAHA BINTANG ABADI NUSANTARA,44739,CHAMPS VIT C 100MG (BTL/30),12
SALES,VITA SARI.Ap,44739,FLAVETTES VIT C WITH CALCIUM 1000 MG (BTL/30),1
SALES,VITA SARI.Ap,44739,FLAVETTES VIT C WITH CALCIUM 1000 MG (BTL/30),71
SALES,RAYA IV.Ap,44740,CHAMPS VIT C 100MG (BTL/30),12
SALES,RAYA IV.Ap,44740,NATURALLE BETA CAROTENE 6MG (BTL/30S),2
SALES,RAYA IV.Ap,44740,NATURALLE VIT E 250IU (BTL/30S),1
SALES,LIA.Ap,44740,CHAMPS EMULSION (BTL/200ML),4
SALES,LIA.Ap,44740,CHAMPS MULTIVITAMIN PINNEAPLE (BTL/30),4
SALES,LIA.Ap,44740,CHAMPS VIT C 100MG (BTL/30),4
SALES,RAYA III.Ap,44740,NATURALLE FISH OIL 1000MG (BTL/60S),2
SALES,BONA JAYA.AP,44740,NATURALLE EPO PLUS FISH OIL 500MG(BTL/30S),36
SALES,BONA JAYA.AP,44740,NATURALLE FISH OIL 1000MG (BTL/60S),24
SALES,AGUNG.TO,44741,CHAMPS VIT C 100MG (BTL/30),24
SALES,AGUNG.TO,44741,NATURALLE VIT E 250IU (BTL/30S),36
SALES,ROMERO.Ap,44741,MAXITON SOFT CAP (BTL/30S),2
SALES,OKE.Swalayan,44741,CHAMPS MULTIVITAMIN PINNEAPLE (BTL/30),3
SALES,OKE.Swalayan,44741,CHAMPS VIT C 100MG (BTL/30),3
SALES,OKE.Swalayan,44741,FLAVETTES VIT C WITH CALCIUM 1000 MG (BTL/30),3
SALES,BONA JAYA.AP,44741,FLAVETTES VIT C WITH CALCIUM 1000 MG (BTL/30),72
SALES,SINAR RAYA.Ap,44742,NATURALLE FISH OIL 1000MG (BTL/60S),12
SALES,SINAR RAYA.Ap,44742,NATURALLE GARLIC OIL 3000MG (BTL/100S),12
SALES,SAFIRA.Ap,44742,CHAMPS EMULSION (BTL/200ML),4
SALES,EVA HUTAHAEAN.Bidan,44742,MAXITON SOFT CAP (BTL/30S),12
SALES,AL- BAROKAH. UD.,44742,FLAVETTES VIT C WITH CALCIUM 1000 MG (BTL/30),6
SALES,DJULIANA THANUR.Dr,44742,NATURALLE VIT E 250IU (BTL/30S),12
SALES,SAUDARA BARU.Ap,44742,CHAMPS MULTIVITAMIN PINNEAPLE (BTL/30),24
SALES,SAUDARA BARU.Ap,44742,CHAMPS VIT C 100MG (BTL/30),24
SALES,SAUDARA BARU.Ap,44742,MAXITON SOFT CAP (BTL/30S),24
SALES,SAUDARA BARU.Ap,44742,NATURALLE EPO PLUS FISH OIL 500MG(BTL/30S),12
SALES,SAUDARA BARU.Ap,44742,NATURALLE FISH OIL 1000MG (BTL/60S),24
SALES,PT. KALIMAS GLOBAL ASIA,44742,CHAMPS MULTIVITAMIN PINNEAPLE (BTL/30),72
SALES,PT. KALIMAS GLOBAL ASIA,44742,NATURALLE VIT E 250IU (BTL/30S),48
SALES,PT. KALIMAS GLOBAL ASIA,44742,CHAMPS MULTIVITAMIN PINNEAPLE (BTL/30),48
SALES,PT. KALIMAS GLOBAL ASIA,44742,NATURALLE VIT E 250IU (BTL/30S),48
SALES,SARI GUNUNG.Ap,44742,CHAMPS MULTIVITAMIN PINNEAPLE (BTL/30),36
SALES,SARI GUNUNG.Ap,44742,MAXITON SOFT CAP (BTL/30S),36
SALES,SARI GUNUNG.Ap,44742,NATURALLE BETA CAROTENE 6MG (BTL/30S),36
SALES,SARI GUNUNG.Ap,44742,NATURALLE EPO PLUS FISH OIL 500MG(BTL/30S),24
SALES,SARI GUNUNG.Ap,44742,NATURALLE FISH OIL 1000MG (BTL/60S),24
SALES,SARI GUNUNG.Ap,44742,FLAVETTES VIT C WITH CALCIUM 1000 MG (BTL/30),24
SALES,VITA SARI.Ap,44742,CHAMPS MULTIVITAMIN PINNEAPLE (BTL/30),63
SALES,VITA SARI.Ap,44742,NATURALLE FISH OIL 1000MG (BTL/60S),24
SALES,BONA JAYA.AP,44742,MAXITON SOFT CAP (BTL/30S),48
SALES,BONA JAYA.AP,44742,NATURALLE EPO PLUS FISH OIL 500MG(BTL/30S),12
SALES,BONA JAYA.AP,44742,NATURALLE FISH OIL 1000MG (BTL/60S),12
SALES,BONA JAYA.AP,44742,NATURALLE GARLIC OIL 3000MG (BTL/100S),12
SALES,SUDARSO.Ap,44742,CHAMPS EMULSION (BTL/200ML),3
SALES,MITRA.Ap,44742,NATURALLE FISH OIL 1000MG (BTL/60S),1
SALES,AGUNG.TO,44742,NATURALLE EPO PLUS FISH OIL 500MG(BTL/30S),36
SALES,AGUNG.TO,44742,NATURALLE TONGKAT ALI PLUS (BTL/60),13
SALES,AGUNG.TO,44742,NATURALLE FISH OIL 1000MG (BTL/60S),12
SALES,VITA SARI.Ap,44742,MAXITON SOFT CAP (BTL/30S),72
SALES,MITRA.Ap,44742,CHAMPS VIT C 100MG (BTL/30),12
SALES,VITA SARI.Ap,44742,CHAMPS MULTIVITAMIN PINNEAPLE (BTL/30),105
SALES,VITA SARI.Ap,44742,NATURALLE VIT E 250IU (BTL/30S),24
SALES,PAK PAK. TO,44749,CHAMPS VIT C 100MG (BTL/30),12
SALES,LAJU SEHAT. AP,44750,MAXITON SOFT CAP (BTL/30S),4
SALES,WATIYEM.Bidan,44753,CHAMPS VIT C 100MG (BTL/30),4
RETUR,PT. MENARA ANUGERAH SENTOSA,44754,NATURALLE BETA CAROTENE 6MG (BTL/30S),-1
SALES,GUNA F.Ap,44754,MAXITON SOFT CAP (BTL/30S),2
SALES,MW RAMBUTAN 2.Ap,44754,MAXITON SOFT CAP (BTL/30S),1
SALES,ANDA.TO,44754,MAXITON SOFT CAP (BTL/30S),12
SALES,BERSAMA.TO,44755,NATURALLE TONGKAT ALI PLUS (BTL/60),3
SALES,BAZZAR DUOPHARMA MEDAN,44756,CHAMPS MULTIVITAMIN PINNEAPLE (BTL/30),1
SALES,VITA SARI.Ap,44757,NATURALLE GARLIC OIL 3000MG (BTL/100S),24
SALES,VITA SARI.Ap,44757,NATURALLE TONGKAT ALI PLUS (BTL/60),12
SALES,CAHAYA RAYA.Ap,44757,NATURALLE GARLIC OIL 3000MG (BTL/100S),6
RETUR,ALMAQVIRA.Ap,44760,FLAVETTES VIT C WITH CALCIUM 1000 MG (BTL/30),-1
SALES,BIDAN NATALIA BR GIRSANG  TO SUMBER SEHAT,44760,MAXITON SOFT CAP (BTL/30S),1
SALES,BINTANG FARMA. CV,44761,MAXITON SOFT CAP (BTL/30S),30
SALES,BINTANG FARMA. CV,44761,NATURALLE BETA CAROTENE 6MG (BTL/30S),18
SALES,BINTANG FARMA. CV,44761,NATURALLE GARLIC OIL 3000MG (BTL/100S),12
SALES,BINTANG FARMA. CV,44761,NATURALLE TONGKAT ALI PLUS (BTL/60),4
SALES,BINTANG FARMA. CV,44761,NATURALLE KACIP FATIMAH PLUS (BTL/60),4
SALES,KASIH AGAPE.Ap,44761,NATURALLE FISH OIL 1000MG (BTL/60S),1
SALES,TIOSBEL.TO,44765,NATURALLE VIT E 250IU (BTL/30S),1
SALES,TIOSBEL.TO,44765,NATURALLE FISH OIL 1000MG (BTL/60S),1
SALES,TIOSBEL.TO,44765,NATURALLE GARLIC OIL 3000MG (BTL/100S),1
SALES,DETTY.Ap,44767,MAXITON SOFT CAP (BTL/30S),4
SALES,AGUNG.TO,44767,FLAVETTES VIT C WITH CALCIUM 1000 MG (BTL/30),24
SALES,NALAMBOK.Ap,44768,NATURALLE FISH OIL 1000MG (BTL/60S),6
SALES,SAUDARA JAYA.Ap,44770,CHAMPS VIT C 100MG (BTL/30),24
SALES,SAUDARA JAYA.Ap,44770,NATURALLE BETA CAROTENE 6MG (BTL/30S),12
SALES,SAUDARA JAYA.Ap,44770,NATURALLE FISH OIL 1000MG (BTL/60S),12
SALES,AGUNG.TO,44771,NATURALLE FISH OIL 1000MG (BTL/60S),24
SALES,SAUDARA JAYA.Ap,44771,CHAMPS MULTIVITAMIN PINNEAPLE (BTL/30),24
SALES,SAUDARA JAYA.Ap,44771,NATURALLE BETA CAROTENE 6MG (BTL/30S),12
SALES,SAUDARA JAYA.Ap,44771,NATURALLE VIT E 250IU (BTL/30S),20
SALES,SAUDARA JAYA.Ap,44771,NATURALLE EPO PLUS FISH OIL 500MG(BTL/30S),20
SALES,SAUDARA JAYA.Ap,44771,NATURALLE FISH OIL 1000MG (BTL/60S),13
SALES,SAUDARA JAYA.Ap,44771,NATURALLE GARLIC OIL 3000MG (BTL/100S),20
SALES,SAUDARA JAYA.Ap,44771,FLAVETTES VIT C WITH CALCIUM 1000 MG (BTL/30),20
SALES,BONA JAYA.AP,44771,CHAMPS VIT C 100MG (BTL/30),0
SALES,BONA JAYA.AP,44771,FLAVETTES VIT C WITH CALCIUM 1000 MG (BTL/30),60
SALES,WATIYEM.Bidan,44772,CHAMPS VIT C 100MG (BTL/30),50
SALES,DAMANIK.Bidan,44772,CHAMPS EMULSION (BTL/200ML),4
SALES,NALAMBOK.Ap,44772,NATURALLE VIT E 250IU (BTL/30S),12
SALES,NALAMBOK.Ap,44772,NATURALLE FISH OIL 1000MG (BTL/60S),12
SALES,OKE.Ap,44772,CHAMPS EMULSION (BTL/200ML),12
SALES,SARI GUNUNG.Ap,44772,CHAMPS EMULSION (BTL/200ML),120
SALES,SARI GUNUNG.Ap,44772,CHAMPS EMULSION (BTL/350ML),60
SALES,SARI GUNUNG.Ap,44772,CHAMPS MULTIVITAMIN PINNEAPLE (BTL/30),72
SALES,AGUNG.TO,44772,CHAMPS EMULSION (BTL/350ML),12
SALES,AGUNG.TO,44772,NATURALLE VIT E 250IU (BTL/30S),36
SALES,BONA JAYA.AP,44772,CHAMPS EMULSION (BTL/350ML),24
SALES,VITA SARI.Ap,44772,CHAMPS EMULSION (BTL/200ML),72
SALES,VITA SARI.Ap,44772,CHAMPS EMULSION (BTL/350ML),60
SALES,VITA SARI.Ap,44772,MAXITON SOFT CAP (BTL/30S),72
SALES,VITA SARI.Ap,44772,NATURALLE BETA CAROTENE 6MG (BTL/30S),24
SALES,VITA SARI.Ap,44772,NATURALLE FISH OIL 1000MG (BTL/60S),24
SALES,VITA SARI.Ap,44772,FLAVETTES VIT C WITH CALCIUM 1000 MG (BTL/30),72
SALES,RAFIF FARMA.Ap,44772,CHAMPS EMULSION (BTL/200ML),4
SALES,ALMAQVIRA.Ap,44772,CHAMPS EMULSION (BTL/200ML),3
SALES,CITY.Ap,44772,CHAMPS EMULSION (BTL/200ML),4
SALES,SAFIRA.Ap,44772,CHAMPS EMULSION (BTL/200ML),4
SALES,AGUNG.TO,44772,MAXITON SOFT CAP (BTL/30S),50
SALES,AGUNG.TO,44772,NATURALLE BETA CAROTENE 6MG (BTL/30S),24
SALES,NORA.Ap,44772,CHAMPS EMULSION (BTL/200ML),4
SALES,KARYA RAYA.Ap,44772,CHAMPS EMULSION (BTL/200ML),3
SALES,BINTANG FARMA. CV,44772,CHAMPS EMULSION (BTL/350ML),72
SALES,BONA 1.Ap,44772,CHAMPS EMULSION (BTL/200ML),6
SALES,BONA 1.Ap,44772,CHAMPS EMULSION (BTL/350ML),6
SALES,ROMERO.Ap,44772,CHAMPS EMULSION (BTL/200ML),6
SALES,SAUDARA JAYA.Ap,44772,CHAMPS EMULSION (BTL/350ML),24
SALES,PAK PAK. TO,44772,CHAMPS EMULSION (BTL/200ML),4
SALES,KASIH AGAPE.Ap,44772,CHAMPS VIT C 100MG (BTL/30),6
SALES,KASIH AGAPE.Ap,44772,NATURALLE BETA CAROTENE 6MG (BTL/30S),1
SALES,BIDARA.Ap,44772,CHAMPS EMULSION (BTL/200ML),4
SALES,SINAR BINTANG.Ap,44775,CHAMPS VIT C 100MG (BTL/30),7
SALES,SINAR BINTANG.Ap,44775,NATURALLE BETA CAROTENE 6MG (BTL/30S),2
SALES,SINAR BINTANG.Ap,44775,NATURALLE EPO PLUS FISH OIL 500MG(BTL/30S),2
SALES,SITI AMNA.Klinik,44775,CHAMPS EMULSION (BTL/350ML),2
SALES,RISDA.Bidan,44776,CHAMPS EMULSION (BTL/200ML),1
SALES,RISDA.Bidan,44776,CHAMPS EMULSION (BTL/350ML),1
SALES,DETTY.Ap,44777,NATURALLE FISH OIL 1000MG (BTL/60S),1
SALES,YOHANA FARMA.Ap,44778,CHAMPS EMULSION (BTL/200ML),12
SALES,KOPERASI SERBA USAHA BINTANG ABADI NUSANTARA,44778,CHAMPS EMULSION (BTL/200ML),24
SALES,CAHAYA RAYA.Ap,44779,CHAMPS EMULSION (BTL/200ML),4
SALES,CAHAYA RAYA.Ap,44779,CHAMPS EMULSION (BTL/350ML),4
RETUR,RIZKY.Ap,44781,NATURALLE FISH OIL 1000MG (BTL/60S),-1
SALES,GUNA F.Ap,44781,CHAMPS EMULSION (BTL/200ML),2
SALES,GUNA F.Ap,44781,CHAMPS EMULSION (BTL/350ML),2
SALES,ANUGRAH PERSADA.Ap,44781,CHAMPS EMULSION (BTL/200ML),4
SALES,ANUGRAH PERSADA.Ap,44781,CHAMPS EMULSION (BTL/350ML),4
SALES,PANCUR BATU.Ap,44781,CHAMPS EMULSION (BTL/200ML),4
SALES,BONA JAYA.AP,44783,FLAVETTES VIT C WITH CALCIUM 1000 MG (BTL/30),60
SALES,BONA 1.Ap,44783,NATURALLE GARLIC OIL 3000MG (BTL/100S),2
SALES,BINTANG FARMA. CV,44783,CHAMPS EMULSION (BTL/200ML),48
SALES,BINTANG FARMA. CV,44783,CHAMPS VIT C 100MG (BTL/30),24
SALES,BINTANG FARMA. CV,44783,MAXITON SOFT CAP (BTL/30S),24
SALES,BINTANG FARMA. CV,44783,NATURALLE VIT E 250IU (BTL/30S),24
SALES,BINTANG FARMA. CV,44783,NATURALLE FISH OIL 1000MG (BTL/60S),18
SALES,BINTANG FARMA. CV,44783,NATURALLE TONGKAT ALI PLUS (BTL/60),4
SALES,BINTANG FARMA. CV,44783,FLAVETTES VIT C WITH CALCIUM 1000 MG (BTL/30),24
SALES,PANCUR BATU.Ap,44783,NATURALLE FISH OIL 1000MG (BTL/60S),2
SALES,MW RAMBUTAN 2.Ap,44785,CHAMPS EMULSION (BTL/200ML),4
SALES,BUDIMAN JAYA.TO,44785,CHAMPS EMULSION (BTL/350ML),4
SALES,OK.Swalayan,44785,CHAMPS MULTIVITAMIN PINNEAPLE (BTL/30),3
SALES,OK.Swalayan,44785,CHAMPS VIT C 100MG (BTL/30),3
SALES,RIZKY.Ap,44786,NATURALLE FISH OIL 1000MG (BTL/60S),1
SALES,RAYA IV.Ap,44786,CHAMPS EMULSION (BTL/200ML),12
SALES,PT. KALIMAS GLOBAL ASIA,44786,CHAMPS EMULSION (BTL/200ML),24
SALES,PT. KALIMAS GLOBAL ASIA,44786,CHAMPS EMULSION (BTL/350ML),24
SALES,TANJUNG SARI.Ap,44788,MAXITON SOFT CAP (BTL/30S),4
SALES,SAUDARA JAYA.Ap,44788,CHAMPS EMULSION (BTL/200ML),24
SALES,SAUDARA JAYA.Ap,44788,CHAMPS VIT C 100MG (BTL/30),24
RETUR,PANCUR BATU.Ap,44791,NATURALLE FISH OIL 1000MG (BTL/60S),-2
SALES,WATIYEM.Bidan,44791,CHAMPS EMULSION (BTL/200ML),12
SALES,WATIYEM.Bidan,44792,CHAMPS VIT C 100MG (BTL/30),50
RETUR,DETTY.Ap,44793,NATURALLE FISH OIL 1000MG (BTL/60S),-1
RETUR,PERDAGANGAN. Ap,44793,NATURALLE BETA CAROTENE 6MG (BTL/30S),-12
RETUR,PERDAGANGAN. Ap,44793,NATURALLE VIT E 250IU (BTL/30S),-20
RETUR,PERDAGANGAN. Ap,44793,CHAMPS MULTIVITAMIN PINNEAPLE (BTL/30),-2
RETUR,PERDAGANGAN. Ap,44793,CHAMPS VIT C 100MG (BTL/30),-1
RETUR,PERDAGANGAN. Ap,44793,NATURALLE FISH OIL 1000MG (BTL/60S),-3
SALES,KURNIA FARMA.Ap,44795,CHAMPS EMULSION (BTL/350ML),4
SALES,AGUNG.TO,44795,CHAMPS EMULSION (BTL/200ML),24
SALES,AL- BAROKAH. UD.,44795,CHAMPS VIT C 100MG (BTL/30),24
SALES,BONA JAYA.AP,44796,CHAMPS EMULSION (BTL/200ML),48
SALES,RAMAIDA SIBURIAN.Bidan,44796,CHAMPS EMULSION (BTL/200ML),6
RETUR,SUSU NEW ASIA MANDIRI. TK,44797,NATURALLE FISH OIL 1000MG (BTL/60S),-1
SALES,BINTANG FARMA. CV,44797,NATURALLE BETA CAROTENE 6MG (BTL/30S),12
SALES,BINTANG FARMA. CV,44797,NATURALLE EPO PLUS FISH OIL 500MG(BTL/30S),12
SALES,VITA SARI.Ap,44799,NATURALLE VIT E 250IU (BTL/30S),36
SALES,VITA SARI.Ap,44799,NATURALLE FISH OIL 1000MG (BTL/60S),24
SALES,VITA SARI.Ap,44799,NATURALLE GARLIC OIL 3000MG (BTL/100S),24
SALES,MAJU.Ap,44799,CHAMPS EMULSION (BTL/200ML),12
SALES,AGUNG.TO,44799,NATURALLE EPO PLUS FISH OIL 500MG(BTL/30S),36
SALES,AMANAH KLINIK PRATAMA,44802,NATURALLE VIT E 250IU (BTL/30S),4
SALES,AMANAH KLINIK PRATAMA,44802,CHAMPS EMULSION (BTL/200ML),4
SALES,SAUDARA JAYA.Ap,44802,CHAMPS EMULSION (BTL/350ML),12
SALES,SAUDARA JAYA.Ap,44802,CHAMPS MULTIVITAMIN PINNEAPLE (BTL/30),24
SALES,SAUDARA JAYA.Ap,44802,MAXITON SOFT CAP (BTL/30S),24
SALES,SAUDARA JAYA.Ap,44802,NATURALLE KACIP FATIMAH PLUS (BTL/60),5
SALES,SAUDARA JAYA.Ap,44802,FLAVETTES VIT C WITH CALCIUM 1000 MG (BTL/30),24
SALES,RAYA IV.Ap,44802,CHAMPS VIT C 100MG (BTL/30),12
SALES,TANJUNG SARI.Ap,44804,FLAVETTES VIT C WITH CALCIUM 1000 MG (BTL/30),1
SALES,GAMMA. AP,44804,CHAMPS EMULSION (BTL/200ML),4
SALES,GAMMA. AP,44804,CHAMPS EMULSION (BTL/350ML),4
SALES,GAMMA. AP,44804,NATURALLE FISH OIL 1000MG (BTL/60S),1
SALES,PT. KALIMAS GLOBAL ASIA,44804,NATURALLE EPO PLUS FISH OIL 500MG(BTL/30S),12
SALES,PT. KALIMAS GLOBAL ASIA,44804,NATURALLE GARLIC OIL 3000MG (BTL/100S),12
SALES,SAUDARA JAYA.Ap,44804,FLAVETTES VIT C WITH CALCIUM 1000 MG (BTL/30),36
SALES,GAMMA. AP,44804,MAXITON SOFT CAP (BTL/30S),2
SALES,MEGAH TETAP SAKTI.PT,44804,CHAMPS EMULSION (BTL/350ML),24
SALES,MEGAH TETAP SAKTI.PT,44804,NATURALLE TONGKAT ALI PLUS (BTL/60),6
SALES,PT. KALIMAS GLOBAL ASIA,44804,CHAMPS EMULSION (BTL/200ML),24
SALES,PT. KALIMAS GLOBAL ASIA,44804,CHAMPS EMULSION (BTL/350ML),24
SALES,RAYA III.Ap,44804,CHAMPS EMULSION (BTL/200ML),4
SALES,BONA JAYA.AP,44804,CHAMPS MULTIVITAMIN PINNEAPLE (BTL/30),24
SALES,BONA JAYA.AP,44804,CHAMPS VIT C 100MG (BTL/30),24
SALES,BONA JAYA.AP,44804,NATURALLE BETA CAROTENE 6MG (BTL/30S),24
SALES,BONA JAYA.AP,44804,NATURALLE EPO PLUS FISH OIL 500MG(BTL/30S),24
SALES,SARI GUNUNG.Ap,44804,CHAMPS EMULSION (BTL/200ML),48
SALES,SARI GUNUNG.Ap,44804,CHAMPS EMULSION (BTL/350ML),24
SALES,SARI GUNUNG.Ap,44804,CHAMPS MULTIVITAMIN PINNEAPLE (BTL/30),12
SALES,SARI GUNUNG.Ap,44804,CHAMPS VIT C 100MG (BTL/30),72
SALES,SARI GUNUNG.Ap,44804,MAXITON SOFT CAP (BTL/30S),36
SALES,SARI GUNUNG.Ap,44804,NATURALLE BETA CAROTENE 6MG (BTL/30S),36
SALES,SARI GUNUNG.Ap,44804,NATURALLE VIT E 250IU (BTL/30S),36
SALES,SARI GUNUNG.Ap,44804,NATURALLE FISH OIL 1000MG (BTL/60S),12
SALES,SINAR RAYA.Ap,44804,CHAMPS EMULSION (BTL/200ML),24
SALES,SERASI.Ap,44804,CHAMPS EMULSION (BTL/200ML),4
SALES,AGUNG.TO,44804,NATURALLE VIT E 250IU (BTL/30S),36
SALES,AGUNG.TO,44804,NATURALLE TONGKAT ALI PLUS (BTL/60),14
SALES,AGUNG.TO,44804,NATURALLE FISH OIL 1000MG (BTL/60S),36
SALES,BONA JAYA.AP,44804,NATURALLE KACIP FATIMAH PLUS (BTL/60),4
SALES,VITA SARI.Ap,44804,CHAMPS VIT C 100MG (BTL/30),48
SALES,VITA SARI.Ap,44804,MAXITON SOFT CAP (BTL/30S),72
SALES,VITA SARI.Ap,44804,NATURALLE BETA CAROTENE 6MG (BTL/30S),24
SALES,VITA SARI.Ap,44804,FLAVETTES VIT C WITH CALCIUM 1000 MG (BTL/30),72
SALES,SERASI. KLINIK PRATAMA,44805,CHAMPS EMULSION (BTL/200ML),1
SALES,SERASI. KLINIK PRATAMA,44805,CHAMPS EMULSION (BTL/350ML),1
SALES,SAUDARA BARU.Ap,44806,CHAMPS EMULSION (BTL/200ML),24
SALES,VITA SARI.Ap,44807,NATURALLE EPO PLUS FISH OIL 500MG(BTL/30S),24
SALES,BONA 1. AP,44807,CHAMPS VIT C 100MG (BTL/30),6
SALES,BONA 1. AP,44807,NATURALLE BETA CAROTENE 6MG (BTL/30S),1
SALES,INDAH.Ap,44807,CHAMPS EMULSION (BTL/200ML),4
RETUR,BERSAMA.TO,44809,NATURALLE TONGKAT ALI PLUS (BTL/60),-3
RETUR,PT. MENARA ANUGERAH SENTOSA,44810,NATURALLE FISH OIL 1000MG (BTL/60S),-2
SALES,PT. KALIMAS GLOBAL ASIA,44810,CHAMPS VIT C 100MG (BTL/30),12
SALES,PT. KALIMAS GLOBAL ASIA,44810,NATURALLE BETA CAROTENE 6MG (BTL/30S),12
SALES,ARDUMAS.Bidan,44810,CHAMPS EMULSION (BTL/200ML),12
SALES,HUSADA.Ap,44810,CHAMPS EMULSION (BTL/200ML),4
SALES,DEARMA.Ap,44811,CHAMPS EMULSION (BTL/200ML),7
SALES,PT. KALIMAS GLOBAL ASIA,44811,NATURALLE FISH OIL 1000MG (BTL/60S),24
SALES,SETIA FARMA.Ap,44812,NATURALLE FISH OIL 1000MG (BTL/60S),1
SALES,PT. KALIMAS GLOBAL ASIA,44812,NATURALLE EPO PLUS FISH OIL 500MG(BTL/30S),12
SALES,PT. KALIMAS GLOBAL ASIA,44812,NATURALLE GARLIC OIL 3000MG (BTL/100S),12
SALES,JASANTA.AP,44814,CHAMPS EMULSION (BTL/200ML),2
SALES,JASANTA.AP,44814,MAXITON SOFT CAP (BTL/30S),1
SALES,BIDARA.Ap,44814,CHAMPS EMULSION (BTL/200ML),4
SALES,KARYAWAN  ERICA,44814,CHAMPS EMULSION (BTL/350ML),1
SALES,AMANAH KLINIK PRATAMA,44816,CHAMPS EMULSION (BTL/200ML),6
SALES,PT. KALIMAS GLOBAL ASIA,44816,NATURALLE FISH OIL 1000MG (BTL/60S),12
SALES,PT. KALIMAS GLOBAL ASIA,44816,NATURALLE KACIP FATIMAH PLUS (BTL/60),12
SALES,GUNA FARMA. AP,44816,MAXITON SOFT CAP (BTL/30S),2
SALES,BONA JAYA.AP,44817,CHAMPS EMULSION (BTL/200ML),24
SALES,BONA JAYA.AP,44817,CHAMPS EMULSION (BTL/350ML),24
SALES,BONA JAYA.AP,44817,CHAMPS MULTIVITAMIN PINNEAPLE (BTL/30),24
SALES,BONA JAYA.AP,44817,NATURALLE VIT E 250IU (BTL/30S),12
SALES,BONA JAYA.AP,44817,NATURALLE GARLIC OIL 3000MG (BTL/100S),12
SALES,BONA JAYA.AP,44817,NATURALLE TONGKAT ALI PLUS (BTL/60),4
SALES,BINTANG FARMA. CV,44817,CHAMPS EMULSION (BTL/200ML),48
SALES,BINTANG FARMA. CV,44817,MAXITON SOFT CAP (BTL/30S),24
SALES,BINTANG FARMA. CV,44817,NATURALLE BETA CAROTENE 6MG (BTL/30S),24
SALES,BINTANG FARMA. CV,44817,FLAVETTES VIT C WITH CALCIUM 1000 MG (BTL/30),1
SALES,BINTANG FARMA. CV,44817,FLAVETTES VIT C WITH CALCIUM 1000 MG (BTL/30),23
SALES,SAUDARA JAYA.Ap,44818,CHAMPS EMULSION (BTL/200ML),24
SALES,SAUDARA JAYA.Ap,44818,CHAMPS EMULSION (BTL/350ML),20
SALES,SAUDARA JAYA.Ap,44818,NATURALLE BETA CAROTENE 6MG (BTL/30S),20
SALES,SAUDARA JAYA.Ap,44818,NATURALLE VIT E 250IU (BTL/30S),24
SALES,SAUDARA JAYA.Ap,44818,NATURALLE EPO PLUS FISH OIL 500MG(BTL/30S),12
SALES,SAUDARA JAYA.Ap,44818,NATURALLE FISH OIL 1000MG (BTL/60S),24
SALES,KURNIA FARMA.Ap,44818,CHAMPS EMULSION (BTL/200ML),24
SALES,ALMAQVIRA.Ap,44819,CHAMPS EMULSION (BTL/200ML),2
SALES,SINAR BINTANG.Ap,44819,MAXITON SOFT CAP (BTL/30S),4
SALES,SINAR BINTANG.Ap,44819,NATURALLE BETA CAROTENE 6MG (BTL/30S),2
SALES,VITA SARI.Ap,44819,NATURALLE FISH OIL 1000MG (BTL/60S),24
SALES,VITA SARI.Ap,44819,NATURALLE TONGKAT ALI PLUS (BTL/60),12
SALES,VITA SARI.Ap,44819,NATURALLE KACIP FATIMAH PLUS (BTL/60),12
SALES,SARI GUNUNG.Ap,44819,CHAMPS EMULSION (BTL/350ML),24
SALES,VITA SARI.Ap,44819,CHAMPS EMULSION (BTL/350ML),36
RETUR,SETIA FARMA.Ap,44820,NATURALLE FISH OIL 1000MG (BTL/60S),-1
RETUR,PHALMA AGUNG.Ap,44820,NATURALLE FISH OIL 1000MG (BTL/60S),-3
RETUR,PHALMA AGUNG.Ap,44820,NATURALLE GARLIC OIL 3000MG (BTL/100S),-1
RETUR,SUMBER SEGAR LESTARI.CV (BRASTAGI RANTAU),44820,NATURALLE FISH OIL 1000MG (BTL/60S),-3
SALES,PT. KALIMAS GLOBAL ASIA,44820,CHAMPS EMULSION (BTL/200ML),24
SALES,ANDA.TO,44820,MAXITON SOFT CAP (BTL/30S),12
SALES,PT. KALIMAS GLOBAL ASIA,44823,CHAMPS EMULSION (BTL/200ML),24
SALES,BINTANG FARMA. CV,44824,NATURALLE EPO PLUS FISH OIL 500MG(BTL/30S),24
SALES,BINTANG FARMA. CV,44824,NATURALLE GARLIC OIL 3000MG (BTL/100S),24
SALES,BINTANG FARMA. CV,44824,NATURALLE KACIP FATIMAH PLUS (BTL/60),4
RETUR,BONA JAYA.AP,44825,CHAMPS VIT C 100MG (BTL/30),0
RETUR,BONA JAYA.AP,44825,FLAVETTES VIT C WITH CALCIUM 1000 MG (BTL/30),-60
SALES,KELUARGA.Ap,44825,CHAMPS EMULSION (BTL/200ML),4
SALES,PT. KALIMAS GLOBAL ASIA,44825,MAXITON SOFT CAP (BTL/30S),12
SALES,MITRA.Ap,44825,CHAMPS EMULSION (BTL/200ML),6
SALES,BUDIMAN JAYA.TO,44825,CHAMPS EMULSION (BTL/200ML),4
SALES,BAZZAR DUOPHARMA MEDAN,44826,CHAMPS VIT C 100MG (BTL/30),5
SALES,BINTANG FARMA. CV,44826,CHAMPS VIT C 100MG (BTL/30),24
SALES,TERANG FARMA.Ap,44826,CHAMPS EMULSION (BTL/200ML),3
SALES,AGUNG.TO,44826,CHAMPS MULTIVITAMIN PINNEAPLE (BTL/30),24
SALES,AGUNG.TO,44826,CHAMPS VIT C 100MG (BTL/30),24
SALES,KARYA RAYA.Ap,44826,CHAMPS EMULSION (BTL/200ML),6
SALES,ARMA JAYA. AP,44827,CHAMPS EMULSION (BTL/200ML),4
SALES,RAYA VI.Ap,44827,CHAMPS EMULSION (BTL/200ML),2
SALES,RAYA VI.Ap,44827,CHAMPS EMULSION (BTL/350ML),2
SALES,RAYA VI.Ap,44827,CHAMPS MULTIVITAMIN PINNEAPLE (BTL/30),3
SALES,RAYA VI.Ap,44827,CHAMPS VIT C 100MG (BTL/30),3
RETUR,AL-KAFFAH MART,44828,CHAMPS MULTIVITAMIN PINNEAPLE (BTL/30),-4
RETUR,AL- BAROKAH. UD.,44830,NATURALLE FISH OIL 1000MG (BTL/60S),-19
RETUR,AL- BAROKAH. UD.,44830,NATURALLE FISH OIL 1000MG (BTL/60S),-48
RETUR,TANJUNG SARI.Ap,44830,NATURALLE FISH OIL 1000MG (BTL/60S),-1
SALES,KOPERASI SERBA USAHA BINTANG ABADI NUSANTARA,44830,CHAMPS VIT C 100MG (BTL/30),6
SALES,GABE REJEKI.Ap,44830,CHAMPS EMULSION (BTL/200ML),4
SALES,GABE REJEKI.Ap,44830,CHAMPS VIT C 100MG (BTL/30),4
SALES,TANJUNG SARI.Ap,44831,NATURALLE FISH OIL 1000MG (BTL/60S),1
SALES,HORISAN.Ap,44831,MAXITON SOFT CAP (BTL/30S),12
SALES,WINATA.Ap,44831,CHAMPS EMULSION (BTL/200ML),4
SALES,VITA SARI.Ap,44831,MAXITON SOFT CAP (BTL/30S),72
SALES,OKE SUPERMARKET,44831,CHAMPS EMULSION (BTL/200ML),3
SALES,OKE SUPERMARKET,44831,CHAMPS MULTIVITAMIN PINNEAPLE (BTL/30),3
SALES,LIA.Ap,44832,CHAMPS EMULSION (BTL/200ML),4
SALES,RAYA IV.Ap,44832,CHAMPS EMULSION (BTL/200ML),8
SALES,RAYA IV.Ap,44832,CHAMPS EMULSION (BTL/350ML),4
SALES,LAMHOT.Ap,44833,CHAMPS EMULSION (BTL/200ML),7
SALES,SAUDARA BARU.Ap,44833,NATURALLE BETA CAROTENE 6MG (BTL/30S),12
SALES,SAUDARA BARU.Ap,44833,NATURALLE VIT E 250IU (BTL/30S),12
SALES,SAUDARA BARU.Ap,44833,NATURALLE FISH OIL 1000MG (BTL/60S),12
SALES,SAUDARA BARU.Ap,44833,NATURALLE GARLIC OIL 3000MG (BTL/100S),12
SALES,SAUDARA JAYA.Ap,44833,CHAMPS VIT C 100MG (BTL/30),8
SALES,SAUDARA JAYA.Ap,44833,CHAMPS VIT C 100MG (BTL/30),16
SALES,VITA SARI.Ap,44834,CHAMPS EMULSION (BTL/200ML),36
SALES,VITA SARI.Ap,44834,NATURALLE BETA CAROTENE 6MG (BTL/30S),24
SALES,VITA SARI.Ap,44834,NATURALLE FISH OIL 1000MG (BTL/60S),30
SALES,SARI GUNUNG.Ap,44834,CHAMPS EMULSION (BTL/350ML),60
SALES,SERASI. KLINIK PRATAMA,44834,CHAMPS EMULSION (BTL/200ML),6
SALES,AL- BAROKAH. UD.,44834,CHAMPS VIT C 100MG (BTL/30),48
SALES,AL- BAROKAH. UD.,44834,CHAMPS EMULSION (BTL/200ML),24
SALES,AL- BAROKAH. UD.,44834,NATURALLE FISH OIL 1000MG (BTL/60S),48
SALES,DIAMOND.Swalayan,44834,CHAMPS MULTIVITAMIN PINNEAPLE (BTL/30),6
SALES,DIAMOND.Swalayan,44834,CHAMPS VIT C 100MG (BTL/30),6
SALES,HIDUP SEHAT,44834,CHAMPS VIT C 100MG (BTL/30),12
SALES,EVA HUTAHAEAN.Bidan,44834,CHAMPS EMULSION (BTL/200ML),24
SALES,EVA HUTAHAEAN.Bidan,44834,NATURALLE VIT E 250IU (BTL/30S),12
SALES,EVA HUTAHAEAN.Bidan,44834,NATURALLE GARLIC OIL 3000MG (BTL/100S),12
SALES,PT. KALIMAS GLOBAL ASIA,44834,CHAMPS EMULSION (BTL/350ML),24
SALES,PT. KALIMAS GLOBAL ASIA,44834,NATURALLE GARLIC OIL 3000MG (BTL/100S),24
SALES,ROMERO.Ap,44834,CHAMPS EMULSION (BTL/200ML),6
SALES,PT. KALIMAS GLOBAL ASIA,44834,NATURALLE EPO PLUS FISH OIL 500MG(BTL/30S),36
SALES,BINTANG FARMA. CV,44834,CHAMPS EMULSION (BTL/350ML),60
SALES,BINTANG FARMA. CV,44834,MAXITON SOFT CAP (BTL/30S),27
SALES,BINTANG FARMA. CV,44834,MAXITON SOFT CAP (BTL/30S),9
SALES,BINTANG FARMA. CV,44834,NATURALLE FISH OIL 1000MG (BTL/60S),12
SALES,AGUNG.TO,44834,NATURALLE BETA CAROTENE 6MG (BTL/30S),12
SALES,AGUNG.TO,44834,NATURALLE EPO PLUS FISH OIL 500MG(BTL/30S),36
SALES,AGUNG.TO,44834,NATURALLE GARLIC OIL 3000MG (BTL/100S),21
SALES,VITA SARI.Ap,44834,NATURALLE VIT E 250IU (BTL/30S),24
SALES,VITA SARI.Ap,44834,FLAVETTES VIT C WITH CALCIUM 1000 MG (BTL/30),36
SALES,NALAMBOK.Ap,44834,MAXITON SOFT CAP (BTL/30S),24
SALES,MITRA.Ap,44834,CHAMPS EMULSION (BTL/200ML),6
SALES,MITRA.Ap,44834,MAXITON SOFT CAP (BTL/30S),1
SALES,MITRA.Ap,44834,NATURALLE FISH OIL 1000MG (BTL/60S),1
SALES,BONA JAYA.AP,44834,CHAMPS EMULSION (BTL/200ML),24
SALES,BONA JAYA.AP,44834,CHAMPS MULTIVITAMIN PINNEAPLE (BTL/30),24
SALES,BONA JAYA.AP,44834,NATURALLE BETA CAROTENE 6MG (BTL/30S),24
SALES,BONA JAYA.AP,44834,NATURALLE EPO PLUS FISH OIL 500MG(BTL/30S),16
SALES,SARI GUNUNG.Ap,44834,NATURALLE FISH OIL 1000MG (BTL/60S),24
SALES,AGUNG.TO,44834,CHAMPS EMULSION (BTL/200ML),24
SALES,AGUNG.TO,44834,FLAVETTES VIT C WITH CALCIUM 1000 MG (BTL/30),24
SALES,BONA JAYA.AP,44834,FLAVETTES VIT C WITH CALCIUM 1000 MG (BTL/30),144
SALES,KARYAWAN RINI BOETARS,44838,CHAMPS EMULSION (BTL/200ML),1
SALES,BONA JAYA.AP,44839,CHAMPS EMULSION (BTL/200ML),24
SALES,BONA JAYA.AP,44840,MAXITON SOFT CAP (BTL/30S),24
SALES,BONA JAYA.AP,44840,NATURALLE VIT E 250IU (BTL/30S),24
SALES,BONA JAYA.AP,44840,NATURALLE FISH OIL 1000MG (BTL/60S),20
SALES,BINTANG FARMA. CV,44840,NATURALLE VIT E 250IU (BTL/30S),24
SALES,TANJUNG SARI.Ap,44844,CHAMPS EMULSION (BTL/200ML),4
SALES,SAUDARA JAYA.Ap,44845,CHAMPS EMULSION (BTL/200ML),24
SALES,SAUDARA JAYA.Ap,44845,CHAMPS EMULSION (BTL/350ML),24
SALES,SAUDARA JAYA.Ap,44845,CHAMPS MULTIVITAMIN PINNEAPLE (BTL/30),24
SALES,SAUDARA JAYA.Ap,44845,MAXITON SOFT CAP (BTL/30S),24
SALES,BONA JAYA.AP,44846,CHAMPS MULTIVITAMIN PINNEAPLE (BTL/30),24
SALES,BONA JAYA.AP,44846,NATURALLE BETA CAROTENE 6MG (BTL/30S),24
SALES,BONA JAYA.AP,44846,NATURALLE GARLIC OIL 3000MG (BTL/100S),21
SALES,BONA JAYA.AP,44846,NATURALLE TONGKAT ALI PLUS (BTL/60),4
SALES,BONA 1. AP,44846,CHAMPS EMULSION (BTL/200ML),6
SALES,BONA 1. AP,44846,CHAMPS EMULSION (BTL/350ML),4
SALES,ANUGRAH PERSADA.Ap,44846,NATURALLE FISH OIL 1000MG (BTL/60S),1
SALES,BINTANG FARMA. CV,44846,CHAMPS EMULSION (BTL/200ML),24
SALES,BINTANG FARMA. CV,44846,CHAMPS MULTIVITAMIN PINNEAPLE (BTL/30),24
SALES,BINTANG FARMA. CV,44846,NATURALLE TONGKAT ALI PLUS (BTL/60),4
SALES,GAMMA. AP,44847,CHAMPS EMULSION (BTL/200ML),4
SALES,RIDHO.Ap,44847,CHAMPS EMULSION (BTL/200ML),4
RETUR,AL-KAFFAH MART,44849,CHAMPS MULTIVITAMIN PINNEAPLE (BTL/30),-4
SALES,KURNIA FARMA.Ap,44849,CHAMPS EMULSION (BTL/200ML),2
SALES,KURNIA FARMA.Ap,44849,CHAMPS MULTIVITAMIN PINNEAPLE (BTL/30),1
SALES,KURNIA FARMA.Ap,44849,CHAMPS VIT C 100MG (BTL/30),1
SALES,OK.Swalayan,44849,CHAMPS MULTIVITAMIN PINNEAPLE (BTL/30),3
SALES,OKE SUPERMARKET,44849,CHAMPS VIT C 100MG (BTL/30),3
SALES,YAMIN.Ap,44851,CHAMPS EMULSION (BTL/200ML),1
SALES,GLUGUR JAYA.Ap,44851,MAXITON SOFT CAP (BTL/30S),1
SALES,TERANG FARMA.Ap,44851,CHAMPS VIT C 100MG (BTL/30),10
SALES,RIZKI.TO,44851,MAXITON SOFT CAP (BTL/30S),4
SALES,KASIH.Ap,44852,MAXITON SOFT CAP (BTL/30S),4
SALES,TERANG FARMA.Ap,44852,CHAMPS EMULSION (BTL/200ML),4
SALES,GOMOS. AP,44853,MAXITON SOFT CAP (BTL/30S),4
SALES,JASA FARMA.Ap,44853,MAXITON SOFT CAP (BTL/30S),2
SALES,KOTA PINANG.Ap,44853,CHAMPS EMULSION (BTL/200ML),4
SALES,KOTA PINANG.Ap,44853,CHAMPS EMULSION (BTL/350ML),4
SALES,KARYA BUDI.Ap,44853,CHAMPS EMULSION (BTL/200ML),7
SALES,KARYA BUDI.Ap,44853,CHAMPS EMULSION (BTL/350ML),7
SALES,TRYA.TO,44854,MAXITON SOFT CAP (BTL/30S),4
SALES,BUDIMAN JAYA.TO,44854,CHAMPS EMULSION (BTL/200ML),4
SALES,BUDIMAN JAYA.TO,44854,CHAMPS EMULSION (BTL/350ML),4
SALES,MEDAN.Ap,44854,MAXITON SOFT CAP (BTL/30S),4
SALES,VITA JAYA FARMA.Ap,44854,MAXITON SOFT CAP (BTL/30S),2
SALES,RIZKY FARMA.Ap,44855,CHAMPS EMULSION (BTL/200ML),4
SALES,RIZKY FARMA.Ap,44855,MAXITON SOFT CAP (BTL/30S),1
SALES,SEHAT FARMA. AP,44855,MAXITON SOFT CAP (BTL/30S),4
SALES,DETTY.Ap,44855,NATURALLE FISH OIL 1000MG (BTL/60S),2
SALES,ROMERO.Ap,44860,MAXITON SOFT CAP (BTL/30S),4
SALES,DETTY.Ap,44860,CHAMPS EMULSION (BTL/200ML),12
SALES,PHALMA AGUNG.Ap,44861,CHAMPS EMULSION (BTL/200ML),12
SALES,AGUNG.TO,44861,NATURALLE BETA CAROTENE 6MG (BTL/30S),24
SALES,AGUNG.TO,44861,NATURALLE VIT E 250IU (BTL/30S),36
SALES,BINTANG FARMA. CV,44861,FLAVETTES VIT C WITH CALCIUM 1000 MG (BTL/30),24
RETUR,JAYA ANUGRAH SUKSES ABADI.PT (MANHATTAN),44862,FLAVETTES VIT C WITH CALCIUM 1000 MG (BTL/30),-49
SALES,VITA SARI.Ap,44863,CHAMPS MULTIVITAMIN PINNEAPLE (BTL/30),72
SALES,VITA SARI.Ap,44863,MAXITON SOFT CAP (BTL/30S),72
SALES,VITA SARI.Ap,44863,NATURALLE BETA CAROTENE 6MG (BTL/30S),24
SALES,VITA SARI.Ap,44863,NATURALLE EPO PLUS FISH OIL 500MG(BTL/30S),24
SALES,VITA SARI.Ap,44863,NATURALLE FISH OIL 1000MG (BTL/60S),36
SALES,VITA SARI.Ap,44863,CHAMPS EMULSION (BTL/350ML),45
SALES,BONA JAYA.AP,44863,MAXITON SOFT CAP (BTL/30S),24
SALES,BONA JAYA.AP,44863,NATURALLE BETA CAROTENE 6MG (BTL/30S),19
SALES,BONA JAYA.AP,44863,NATURALLE FISH OIL 1000MG (BTL/60S),12
SALES,BONA JAYA.AP,44863,NATURALLE KACIP FATIMAH PLUS (BTL/60),4
SALES,MANJUR.Ap,44865,CHAMPS EMULSION (BTL/200ML),4
SALES,BONA JAYA.AP,44865,NATURALLE EPO PLUS FISH OIL 500MG(BTL/30S),24
SALES,AGUNG.TO,44865,MAXITON SOFT CAP (BTL/30S),50
SALES,AGUNG.TO,44865,NATURALLE FISH OIL 1000MG (BTL/60S),24
SALES,AGUNG.TO,44865,NATURALLE TONGKAT ALI PLUS (BTL/60),24
SALES,VITA SARI.Ap,44865,FLAVETTES VIT C WITH CALCIUM 1000 MG (BTL/30),72
RETUR,PT. MENARA ANUGERAH SENTOSA,44868,NATURALLE BETA CAROTENE 6MG (BTL/30S),-41
SALES,ANDA.TO,44867,MAXITON SOFT CAP (BTL/30S),12
SALES,BONA 1. AP,44872,CHAMPS MULTIVITAMIN PINNEAPLE (BTL/30),4
SALES,SAUDARA JAYA.Ap,44874,CHAMPS MULTIVITAMIN PINNEAPLE (BTL/30),24
SALES,SAUDARA JAYA.Ap,44874,MAXITON SOFT CAP (BTL/30S),12
SALES,SAUDARA JAYA.Ap,44874,NATURALLE FISH OIL 1000MG (BTL/60S),12
SALES,PT. KALIMAS GLOBAL ASIA,44875,NATURALLE FISH OIL 1000MG (BTL/60S),24
SALES,PT. KALIMAS GLOBAL ASIA,44875,FLAVETTES VIT C WITH CALCIUM 1000 MG (BTL/30),24
SALES,PT. KALIMAS GLOBAL ASIA,44875,NATURALLE EPO PLUS FISH OIL 500MG(BTL/30S),24
SALES,BINTANG FARMA. CV,44877,NATURALLE VIT E 250IU (BTL/30S),24
SALES,BINTANG FARMA. CV,44877,NATURALLE KACIP FATIMAH PLUS (BTL/60),4
SALES,BONA JAYA.AP,44877,CHAMPS MULTIVITAMIN PINNEAPLE (BTL/30),24
SALES,BONA JAYA.AP,44877,MAXITON SOFT CAP (BTL/30S),24
SALES,BONA JAYA.AP,44877,NATURALLE VIT E 250IU (BTL/30S),24
SALES,PT. KALIMAS GLOBAL ASIA,44877,NATURALLE BETA CAROTENE 6MG (BTL/30S),24
SALES,PT. KALIMAS GLOBAL ASIA,44877,FLAVETTES VIT C WITH CALCIUM 1000 MG (BTL/30),24
SALES,BONA JAYA.AP,44879,NATURALLE BETA CAROTENE 6MG (BTL/30S),19
SALES,BINTANG FARMA. CV,44880,MAXITON SOFT CAP (BTL/30S),24
SALES,PT. KALIMAS GLOBAL ASIA,44880,MAXITON SOFT CAP (BTL/30S),24
SALES,RAYA IV.Ap,44881,CHAMPS VIT C 100MG (BTL/30),26
SALES,BONA JAYA.AP,44881,NATURALLE EPO PLUS FISH OIL 500MG(BTL/30S),24
SALES,BINTANG FARMA. CV,44881,CHAMPS VIT C 100MG (BTL/30),48
SALES,KARYA RAYA.Ap,44881,MAXITON SOFT CAP (BTL/30S),2
SALES,DAMAI SEJAHTERA.Ap,44881,MAXITON SOFT CAP (BTL/30S),2
SALES,PT. KALIMAS GLOBAL ASIA,44882,NATURALLE FISH OIL 1000MG (BTL/60S),24
SALES,BONA 1. AP,44882,CHAMPS MULTIVITAMIN PINNEAPLE (BTL/30),4
SALES,BONA 1. AP,44882,CHAMPS VIT C 100MG (BTL/30),4
SALES,KARYAWAN  JUNAIDI,44884,MAXITON SOFT CAP (BTL/30S),1
SALES,AGUNG.TO,44884,CHAMPS VIT C 100MG (BTL/30),24
SALES,KALIMAS.Ap,44886,NATURALLE FISH OIL 1000MG (BTL/60S),12
SALES,KALIMAS.Ap,44886,NATURALLE TONGKAT ALI PLUS (BTL/60),3
SALES,RAYA VI.Ap,44887,CHAMPS MULTIVITAMIN PINNEAPLE (BTL/30),4
SALES,RAYA VI.Ap,44887,CHAMPS VIT C 100MG (BTL/30),4
SALES,VITA JAYA FARMA.Ap,44888,MAXITON SOFT CAP (BTL/30S),4
SALES,PT. KALIMAS GLOBAL ASIA,44888,FLAVETTES VIT C WITH CALCIUM 1000 MG (BTL/30),24
SALES,VITA SARI.Ap,44889,MAXITON SOFT CAP (BTL/30S),72
SALES,VITA SARI.Ap,44889,NATURALLE BETA CAROTENE 6MG (BTL/30S),24
SALES,VITA SARI.Ap,44889,NATURALLE GARLIC OIL 3000MG (BTL/100S),24
SALES,SINAR BINTANG.Ap,44889,CHAMPS VIT C 100MG (BTL/30),7
SALES,SINAR BINTANG.Ap,44889,MAXITON SOFT CAP (BTL/30S),2
SALES,DETTY.Ap,44889,NATURALLE VIT E 250IU (BTL/30S),2
SALES,BONA 1. AP,44890,MAXITON SOFT CAP (BTL/30S),3
SALES,KASIH AGAPE.Ap,44890,CHAMPS MULTIVITAMIN PINNEAPLE (BTL/30),6
SALES,RAYA JAYA.Ap,44891,CHAMPS VIT C 100MG (BTL/30),6
SALES,SARI GUNUNG.Ap,44891,CHAMPS MULTIVITAMIN PINNEAPLE (BTL/30),72
SALES,BERSAMA.TO,44891,MAXITON SOFT CAP (BTL/30S),4
SALES,SMARCO MANDIRI SUKSES.PT,44891,CHAMPS VIT C 100MG (BTL/30),3
SALES,PT. KALIMAS GLOBAL ASIA,44893,CHAMPS VIT C 100MG (BTL/30),24
SALES,PT. KALIMAS GLOBAL ASIA,44893,MAXITON SOFT CAP (BTL/30S),24
SALES,BONA JAYA.AP,44893,MAXITON SOFT CAP (BTL/30S),72
SALES,AGUNG.TO,44893,CHAMPS MULTIVITAMIN PINNEAPLE (BTL/30),24
SALES,AGUNG.TO,44895,MAXITON SOFT CAP (BTL/30S),120
SALES,BONA JAYA.AP,44895,MAXITON SOFT CAP (BTL/30S),72
SALES,PT. KALIMAS GLOBAL ASIA,44895,NATURALLE FISH OIL 1000MG (BTL/60S),12
SALES,AGUNG.TO,44895,NATURALLE KACIP FATIMAH PLUS (BTL/60),12
SALES,SARI GUNUNG.Ap,44895,CHAMPS MULTIVITAMIN PINNEAPLE (BTL/30),24
SALES,SARI GUNUNG.Ap,44895,CHAMPS VIT C 100MG (BTL/30),48
SALES,SARI GUNUNG.Ap,44895,MAXITON SOFT CAP (BTL/30S),36
SALES,SARI GUNUNG.Ap,44895,NATURALLE VIT E 250IU (BTL/30S),12
SALES,SARI GUNUNG.Ap,44895,NATURALLE TONGKAT ALI PLUS (BTL/60),24
SALES,SARI GUNUNG.Ap,44895,MAXITON SOFT CAP (BTL/30S),36
SALES,MITRA.Ap,44895,NATURALLE FISH OIL 1000MG (BTL/60S),1
SALES,AGUNG.TO,44895,NATURALLE VIT E 250IU (BTL/30S),34
SALES,AGUNG.TO,44895,NATURALLE EPO PLUS FISH OIL 500MG(BTL/30S),36
SALES,BONA JAYA.AP,44895,CHAMPS MULTIVITAMIN PINNEAPLE (BTL/30),24
SALES,BONA JAYA.AP,44895,CHAMPS VIT C 100MG (BTL/30),24
SALES,BONA JAYA.AP,44895,NATURALLE BETA CAROTENE 6MG (BTL/30S),24
SALES,BONA JAYA.AP,44895,NATURALLE EPO PLUS FISH OIL 500MG(BTL/30S),24
SALES,BONA JAYA.AP,44895,NATURALLE FISH OIL 1000MG (BTL/60S),24
SALES,BONA JAYA.AP,44895,NATURALLE GARLIC OIL 3000MG (BTL/100S),24
SALES,BONA JAYA.AP,44895,NATURALLE TONGKAT ALI PLUS (BTL/60),4
SALES,SAUDARA BARU.Ap,44895,CHAMPS EMULSION (BTL/200ML),24
SALES,SAUDARA BARU.Ap,44895,CHAMPS EMULSION (BTL/350ML),24
SALES,SAUDARA BARU.Ap,44895,CHAMPS MULTIVITAMIN PINNEAPLE (BTL/30),24
SALES,SAUDARA BARU.Ap,44895,CHAMPS VIT C 100MG (BTL/30),24
SALES,SAUDARA BARU.Ap,44895,MAXITON SOFT CAP (BTL/30S),24
SALES,SAUDARA BARU.Ap,44895,NATURALLE EPO PLUS FISH OIL 500MG(BTL/30S),24
SALES,SAUDARA BARU.Ap,44895,NATURALLE KACIP FATIMAH PLUS (BTL/60),12
SALES,VITA SARI.Ap,44895,NATURALLE VIT E 250IU (BTL/30S),24
SALES,VITA SARI.Ap,44895,NATURALLE FISH OIL 1000MG (BTL/60S),24
RETUR,VITA JAYA FARMA.Ap,44900,MAXITON SOFT CAP (BTL/30S),-2
SALES,ARMA JAYA. AP,44902,MAXITON SOFT CAP (BTL/30S),3
SALES,AGUNG.TO,44902,FLAVETTES VIT C WITH CALCIUM 1000 MG (BTL/30),24
SALES,PT. KALIMAS GLOBAL ASIA,44903,CHAMPS VIT C 100MG (BTL/30),24
SALES,SERASI.Ap,44903,CHAMPS VIT C 100MG (BTL/30),12
SALES,ANDA.TO,44903,MAXITON SOFT CAP (BTL/30S),12
SALES,PT. KALIMAS GLOBAL ASIA,44904,CHAMPS VIT C 100MG (BTL/30),24
SALES,PT. KALIMAS GLOBAL ASIA,44904,MAXITON SOFT CAP (BTL/30S),24
SALES,MEGAH TETAP SAKTI.PT,44905,NATURALLE TONGKAT ALI PLUS (BTL/60),6
SALES,EVA HUTAHAEAN.Bidan,44908,NATURALLE GARLIC OIL 3000MG (BTL/100S),24
SALES,AGUNG.TO,44908,NATURALLE BETA CAROTENE 6MG (BTL/30S),24
SALES,SUMBER SEGAR LESTARI.CV (BRASTAGI RANTAU),44910,NATURALLE GARLIC OIL 3000MG (BTL/100S),3
SALES,PT. KALIMAS GLOBAL ASIA,44914,NATURALLE BETA CAROTENE 6MG (BTL/30S),36
SALES,PT. KALIMAS GLOBAL ASIA,44914,NATURALLE FISH OIL 1000MG (BTL/60S),24
SALES,BONA JAYA.AP,44914,NATURALLE VIT E 250IU (BTL/30S),24
SALES,BONA JAYA.AP,44915,CHAMPS MULTIVITAMIN PINNEAPLE (BTL/30),24
SALES,BONA JAYA.AP,44915,NATURALLE BETA CAROTENE 6MG (BTL/30S),24
SALES,BONA JAYA.AP,44915,NATURALLE EPO PLUS FISH OIL 500MG(BTL/30S),12
SALES,BONA JAYA.AP,44915,FLAVETTES VIT C WITH CALCIUM 1000 MG (BTL/30),24
SALES,KASIH.Ap,44915,MAXITON SOFT CAP (BTL/30S),4
SALES,MAJU.Ap,44915,CHAMPS MULTIVITAMIN PINNEAPLE (BTL/30),12
SALES,MAJU.Ap,44915,CHAMPS VIT C 100MG (BTL/30),12
SALES,AGUNG.TO,44916,NATURALLE FISH OIL 1000MG (BTL/60S),36
SALES,BONA 1. AP,44918,CHAMPS VIT C 100MG (BTL/30),3
SALES,BONA 1. AP,44918,CHAMPS MULTIVITAMIN PINNEAPLE (BTL/30),6
SALES,BONA 1. AP,44918,CHAMPS VIT C 100MG (BTL/30),6
RETUR,SINAR BARU.AP,44921,NATURALLE GARLIC OIL 3000MG (BTL/100S),-1
RETUR,SINAR BARU.AP,44921,NATURALLE VIT E 250IU (BTL/30S),-8
RETUR,KITA SEHAT.Ap,44921,CHAMPS EMULSION (BTL/200ML),-1
SALES,*** KARYAWAN ***,44921,CHAMPS VIT C 100MG (BTL/30),1
SALES,PT. KALIMAS GLOBAL ASIA,44921,NATURALLE EPO PLUS FISH OIL 500MG(BTL/30S),36
SALES,BUANA INDAH.Ap,44922,NATURALLE BETA CAROTENE 6MG (BTL/30S),3
SALES,PT. KALIMAS GLOBAL ASIA,44922,NATURALLE FISH OIL 1000MG (BTL/60S),24
SALES,AGUNG.TO,44923,CHAMPS VIT C 100MG (BTL/30),24
SALES,AGUNG.TO,44923,NATURALLE GARLIC OIL 3000MG (BTL/100S),36
SALES,AGUNG.TO,44924,NATURALLE EPO PLUS FISH OIL 500MG(BTL/30S),36
SALES,BAZZAR DUOPHARMA MEDAN,44924,CHAMPS EMULSION (BTL/200ML),20
SALES,BAZZAR DUOPHARMA MEDAN,44924,CHAMPS EMULSION (BTL/350ML),7
SALES,VITA SARI.Ap,44925,CHAMPS MULTIVITAMIN PINNEAPLE (BTL/30),72
SALES,VITA SARI.Ap,44925,CHAMPS VIT C 100MG (BTL/30),60
SALES,VITA SARI.Ap,44925,MAXITON SOFT CAP (BTL/30S),72
SALES,VITA SARI.Ap,44925,FLAVETTES VIT C WITH CALCIUM 1000 MG (BTL/30),1
SALES,VITA SARI.Ap,44925,FLAVETTES VIT C WITH CALCIUM 1000 MG (BTL/30),35
SALES,RAYA III.Ap,44925,MAXITON SOFT CAP (BTL/30S),2
SALES,PT. KALIMAS GLOBAL ASIA,44925,MAXITON SOFT CAP (BTL/30S),24
SALES,PT. KALIMAS GLOBAL ASIA,44925,FLAVETTES VIT C WITH CALCIUM 1000 MG (BTL/30),36
SALES,AGUNG.TO,44925,FLAVETTES VIT C WITH CALCIUM 1000 MG (BTL/30),36
SALES,BONA JAYA.AP,44925,NATURALLE VIT E 250IU (BTL/30S),24
SALES,BONA JAYA.AP,44925,NATURALLE FISH OIL 1000MG (BTL/60S),24
SALES,BONA JAYA.AP,44925,FLAVETTES VIT C WITH CALCIUM 1000 MG (BTL/30),36
RETUR,HARAPAN BARU. AP,44926,CHAMPS EMULSION (BTL/200ML),-4
SALES,AGUNG.TO,44926,CHAMPS MULTIVITAMIN PINNEAPLE (BTL/30),24
SALES,BONA JAYA.AP,44926,CHAMPS MULTIVITAMIN PINNEAPLE (BTL/30),24
